,work_year,experience_level,employment_type,job_title,salary,employee_residence,remote_ratio,company_size
0,2023,MI,FT,Security Analyst,145000,US,0,M
1,2023,MI,FT,Security Analyst,115000,US,0,M
2,2023,SE,FT,DevSecOps,160000,US,0,M
3,2023,SE,FT,DevSecOps,120000,US,0,M
6,2023,SE,FT,Security Specialist,104000,US,100,M
7,2023,SE,FT,Security Specialist,80000,US,100,M
8,2023,SE,FT,Security Architect,290970,US,0,M
9,2023,SE,FT,Security Architect,166230,US,0,M
10,2023,SE,FT,Security Analyst,225000,US,0,M
11,2023,SE,FT,Security Analyst,156400,US,0,M
12,2023,SE,FT,DevSecOps,168400,US,0,M
13,2023,SE,FT,DevSecOps,105200,US,0,M
14,2023,SE,FT,Security Engineer,257000,US,0,M
15,2023,SE,FT,Security Engineer,187200,US,0,M
16,2023,SE,FT,Security Engineer,198800,US,0,M
17,2023,SE,FT,Security Engineer,122600,US,0,M
18,2023,SE,FT,Security Analyst,154170,US,0,M
19,2023,SE,FT,Security Analyst,104830,US,0,M
20,2023,SE,FT,Security Engineer,294000,US,0,M
21,2023,SE,FT,Security Engineer,196000,US,0,M
22,2023,SE,FT,Security Engineer,140000,US,100,L
23,2022,SE,FT,Security Engineer,180000,US,100,L
24,2023,SE,FT,Security Researcher,232000,CA,100,L
25,2023,SE,FT,DevSecOps,170000,US,0,M
26,2023,SE,FT,DevSecOps,140000,US,0,M
27,2023,SE,FT,Security Engineer,170000,US,0,M
28,2023,SE,FT,Security Engineer,140000,US,0,M
29,2023,SE,FT,Security Engineer,216450,US,0,M
30,2023,SE,FT,Security Engineer,123750,US,0,M
31,2023,SE,FT,DevSecOps,150000,US,0,M
32,2023,SE,FT,DevSecOps,100000,US,0,M
33,2023,SE,FT,Security Engineer,140000,US,100,M
34,2023,SE,FT,Security Engineer,120000,US,100,M
35,2023,SE,FT,Security Engineer,175000,US,100,M
36,2023,SE,FT,Security Engineer,135000,US,100,M
37,2023,EX,FT,Chief Information Security Officer,324000,US,100,M
38,2023,EX,FT,Chief Information Security Officer,189000,US,100,M
41,2023,SE,FT,Security Engineer,135000,US,100,M
42,2023,SE,FT,Security Engineer,80000,US,100,M
45,2023,EN,FT,Security Engineer,130000,US,0,M
46,2023,EN,FT,Security Engineer,100000,US,0,M
47,2023,EX,FT,Security Engineer,170000,US,0,M
48,2023,EX,FT,Security Engineer,120000,US,0,M
49,2023,SE,FT,Security Engineer,317000,US,0,M
50,2023,SE,FT,Security Engineer,198000,US,0,M
51,2023,MI,FT,Security Engineer,226350,US,0,M
52,2023,MI,FT,Security Engineer,164500,US,0,M
53,2023,SE,FT,Security Engineer,282000,US,0,M
54,2023,SE,FT,Security Engineer,176000,US,0,M
55,2023,SE,FT,DevSecOps,198800,US,100,M
56,2023,SE,FT,DevSecOps,122600,US,100,M
57,2023,SE,FT,Security Analyst,103000,US,0,M
58,2023,SE,FT,Security Analyst,76000,US,0,M
59,2023,SE,FT,DevSecOps,130000,US,0,M
60,2023,SE,FT,DevSecOps,105000,US,0,M
61,2023,SE,FT,Security Engineer,370000,US,0,M
62,2023,SE,FT,Security Engineer,200000,US,0,M
63,2023,SE,FT,DevSecOps,135000,US,0,M
64,2023,SE,FT,DevSecOps,115000,US,0,M
66,2023,SE,FT,Security Analyst,120350,US,0,M
67,2023,SE,FT,Security Analyst,74400,US,0,M
68,2023,SE,FT,DevSecOps,180000,US,0,M
69,2023,SE,FT,DevSecOps,140000,US,0,M
70,2023,SE,FT,Security Engineer,300000,US,0,M
71,2023,SE,FT,Security Engineer,130000,US,0,M
73,2023,EN,FT,Threat Intelligence,60000,US,50,M
74,2023,EN,FT,Threat Intelligence,60000,US,50,M
75,2023,SE,FT,Security Engineer,170000,US,0,M
76,2023,SE,FT,Security Engineer,140000,US,0,M
77,2023,MI,FT,Security Analyst,145000,US,0,M
78,2023,MI,FT,Security Analyst,115000,US,0,M
79,2023,SE,FT,Security Engineer,144000,US,100,M
80,2023,SE,FT,Security Engineer,77600,US,100,M
81,2023,SE,FT,Security Engineer,181500,US,0,M
82,2023,SE,FT,Security Engineer,112200,US,0,M
83,2023,MI,FT,Security Engineer,150000,US,100,M
84,2023,MI,FT,Security Engineer,100000,US,100,M
85,2023,SE,FT,Security Researcher,225500,US,0,M
86,2023,SE,FT,Security Researcher,139400,US,0,M
87,2023,SE,FT,Security Researcher,210550,US,0,M
88,2023,SE,FT,Security Researcher,153300,US,0,M
89,2023,SE,FT,Security Engineer,178448,US,0,M
90,2023,SE,FT,Security Engineer,135960,US,0,M
91,2023,SE,FT,Security Engineer,352000,US,0,M
92,2023,SE,FT,Security Engineer,220000,US,0,M
93,2023,MI,FT,Security Specialist,140000,US,0,M
94,2023,MI,FT,Security Specialist,100000,US,0,M
95,2023,SE,FT,Security Consultant,220000,US,0,M
96,2023,SE,FT,Security Consultant,200000,US,0,M
97,2023,SE,FT,DevSecOps,150000,US,0,M
98,2023,SE,FT,DevSecOps,100000,US,0,M
99,2023,SE,FT,DevSecOps,170000,US,0,M
100,2023,SE,FT,DevSecOps,140000,US,0,M
103,2023,EN,FT,Security Analyst,100000,US,0,M
104,2023,EN,FT,Security Analyst,90000,US,0,M
105,2023,SE,FT,Security Architect,200000,US,100,M
106,2023,SE,FT,Security Architect,120000,US,100,M
107,2022,SE,FT,Security Manager,135000,US,100,L
109,2023,SE,FT,Security Engineer,60000,ES,100,L
112,2023,SE,FT,Penetration Tester,195000,US,0,S
113,2023,SE,FT,Penetration Tester,85000,US,0,S
114,2023,MI,FT,DevSecOps,180000,US,100,M
115,2023,MI,FT,DevSecOps,120000,US,100,M
116,2023,SE,FT,Security Engineer,211295,US,0,M
117,2023,SE,FT,Security Engineer,169036,US,0,M
118,2023,SE,FT,Security Analyst,123000,US,0,M
119,2023,SE,FT,Security Analyst,83000,US,0,M
120,2023,SE,FT,Security Engineer,220000,US,0,M
121,2023,SE,FT,Security Engineer,160000,US,0,M
122,2023,SE,FT,Security Engineer,152900,US,0,M
123,2023,SE,FT,Security Engineer,117700,US,0,M
124,2023,SE,FT,Security Engineer,170000,US,0,M
125,2023,SE,FT,Security Engineer,120000,US,0,M
126,2023,EX,FT,Security Director,209000,US,100,M
127,2023,EX,FT,Security Director,200000,US,100,M
128,2023,SE,FT,Security Analyst,120350,US,0,M
129,2023,SE,FT,Security Analyst,74400,US,0,M
130,2023,EN,FT,Security Engineer,130000,US,0,M
131,2023,EN,FT,Security Engineer,100000,US,0,M
132,2023,SE,FT,Security Engineer,60000,ES,100,L
133,2023,EX,FT,Chief Information Security Officer,240000,US,0,L
134,2023,EX,FT,Chief Information Security Officer,192600,US,0,L
135,2023,SE,FT,Security Engineer,272300,US,0,M
136,2023,SE,FT,Security Engineer,189400,US,0,M
137,2023,SE,FT,Security Engineer,235400,US,100,M
138,2023,SE,FT,Security Engineer,160080,US,100,M
139,2023,SE,FT,Security Engineer,170000,US,0,M
140,2023,SE,FT,Security Engineer,120000,US,0,M
141,2023,SE,FT,Security Engineer,240000,US,100,M
142,2023,SE,FT,Security Engineer,200000,US,100,M
143,2023,SE,FT,Security Manager,185900,US,100,M
144,2023,SE,FT,Security Manager,129300,US,100,M
145,2023,SE,FT,Threat Hunter,145000,US,0,M
146,2023,SE,FT,Threat Hunter,113000,US,0,M
148,2023,SE,FT,DevSecOps,150000,US,0,M
149,2023,SE,FT,DevSecOps,100000,US,0,M
150,2023,EX,FT,Chief Information Security Officer,370000,US,100,M
151,2023,EX,FT,Chief Information Security Officer,249000,US,100,M
152,2023,SE,FT,Security Engineer,263600,US,100,M
153,2023,SE,FT,Security Engineer,194000,US,100,M
154,2023,SE,FT,Security Engineer,204500,US,0,M
155,2023,SE,FT,Security Engineer,142200,US,0,M
156,2023,SE,FT,Security Engineer,201000,US,0,M
157,2023,SE,FT,Security Engineer,143000,US,0,M
158,2022,SE,FT,Penetration Tester,280000,US,100,L
159,2023,MI,FT,Chief Information Security Officer,110000,US,0,L
160,2023,MI,FT,Security Analyst,110640,US,50,L
161,2023,SE,FT,Security Engineer,272300,US,0,M
162,2023,SE,FT,Security Engineer,189400,US,0,M
163,2023,SE,FT,Security Consultant,220000,US,0,M
164,2023,SE,FT,Security Consultant,200000,US,0,M
165,2023,SE,FT,Security Engineer,168000,US,0,M
166,2023,SE,FT,Security Engineer,120000,US,0,M
167,2023,SE,FT,Security Engineer,250830,US,0,M
168,2023,SE,FT,Security Engineer,143370,US,0,M
169,2023,SE,FT,Security Engineer,170000,US,0,M
170,2023,SE,FT,Security Engineer,140000,US,0,M
171,2023,MI,FT,Security Manager,130000,US,100,M
172,2022,SE,FT,Security Engineer,67000,GB,100,L
173,2023,SE,FT,Security Engineer,201000,US,0,M
174,2023,SE,FT,Security Engineer,143000,US,0,M
175,2023,SE,FT,Security Architect,210000,US,100,M
176,2023,SE,FT,Security Architect,170000,US,100,M
177,2023,SE,FT,Security Engineer,163000,US,100,M
178,2023,SE,FT,Security Engineer,94000,US,100,M
179,2023,EN,FT,Security Analyst,80000,US,100,M
180,2023,SE,FT,Security Researcher,165000,US,0,M
181,2023,SE,FT,Security Researcher,107250,US,0,M
182,2023,SE,FT,Security Engineer,186800,US,0,M
183,2023,SE,FT,Security Engineer,115500,US,0,M
184,2023,SE,FT,Security Engineer,204500,US,0,M
185,2023,SE,FT,Security Engineer,142200,US,0,M
186,2023,EX,FT,Security Engineer,250000,US,0,M
187,2023,EX,FT,Security Engineer,180000,US,0,M
189,2023,SE,FT,Security Analyst,120350,US,0,M
190,2023,SE,FT,Security Analyst,74400,US,0,M
191,2023,SE,FT,Security Engineer,147100,US,0,M
192,2023,SE,FT,Security Engineer,90700,US,0,M
193,2023,SE,FT,Security Engineer,247600,US,0,M
194,2023,SE,FT,Security Engineer,177100,US,0,M
195,2023,MI,FT,Security Analyst,85000,US,0,M
196,2023,MI,FT,Security Analyst,70000,US,0,M
198,2023,SE,FT,Security Analyst,152000,US,50,L
199,2023,SE,FT,Security Architect,210800,US,0,M
200,2023,SE,FT,Security Architect,137000,US,0,M
201,2023,EX,FT,Security Analyst,156000,US,0,M
202,2023,EX,FT,Security Analyst,87000,US,0,M
203,2023,SE,FT,Security Architect,170000,US,100,L
204,2023,SE,FT,Security Architect,185000,US,0,M
205,2023,SE,FT,Security Architect,120250,US,0,M
206,2023,MI,FT,Security Manager,140000,US,0,M
207,2023,MI,FT,Security Manager,120000,US,0,M
208,2023,SE,FT,Security Analyst,102000,US,0,M
209,2023,SE,FT,Security Analyst,60000,US,0,M
210,2023,MI,FT,Security Engineer,219535,US,100,M
211,2023,MI,FT,Security Engineer,146038,US,100,M
212,2023,MI,FT,Security Engineer,125000,US,100,M
213,2023,MI,FT,Security Engineer,110000,US,100,M
214,2023,MI,FT,Security Engineer,100000,US,100,M
215,2023,MI,FT,Security Engineer,80000,US,100,M
216,2023,SE,FT,Security Engineer,211295,US,0,M
217,2023,SE,FT,Security Engineer,169036,US,0,M
218,2023,SE,FT,Security Consultant,200000,US,0,M
219,2023,SE,FT,Security Consultant,180000,US,0,M
220,2023,EX,FT,Security Architect,230000,US,0,M
221,2023,EX,FT,Security Architect,190000,US,0,M
222,2023,SE,FT,DevSecOps,150000,US,0,M
223,2023,SE,FT,DevSecOps,100000,US,0,M
224,2023,EN,FT,DevSecOps,253200,US,0,M
225,2023,EN,FT,DevSecOps,90700,US,0,M
226,2022,EN,FT,Security Consultant,113000,US,100,M
227,2023,SE,FT,Security Engineer,198800,US,0,M
228,2023,SE,FT,Security Engineer,122600,US,0,M
229,2023,SE,FT,Security Analyst,192500,US,100,M
230,2023,SE,FT,Security Analyst,122500,US,100,M
231,2023,MI,FT,DevSecOps,119910,US,0,M
232,2023,MI,FT,DevSecOps,72324,US,0,M
233,2023,SE,FT,Security Engineer,177300,US,0,M
234,2023,SE,FT,Security Engineer,136300,US,0,M
235,2023,EX,FT,Security Director,394250,US,0,M
236,2023,EX,FT,Security Director,240000,US,0,M
237,2023,EX,FT,Security Engineer,250000,US,0,M
238,2023,EX,FT,Security Engineer,180000,US,0,M
239,2023,SE,FT,Security Engineer,258800,US,0,M
240,2023,SE,FT,Security Engineer,199200,US,0,M
241,2023,SE,FT,Security Analyst,155000,US,0,M
242,2023,SE,FT,Security Analyst,100750,US,0,M
243,2023,MI,FT,Security Consultant,77000,US,100,M
244,2023,EN,FT,Security Analyst,70000,US,50,L
245,2023,SE,FT,Security Engineer,150000,US,0,M
246,2023,SE,FT,Security Engineer,100000,US,0,M
249,2023,MI,FT,Security Engineer,150000,US,0,M
250,2023,MI,FT,Security Engineer,120000,US,0,M
251,2023,SE,FT,Security Analyst,123000,US,0,M
252,2023,SE,FT,Security Analyst,83000,US,0,M
253,2023,MI,FT,Security Manager,170000,US,100,M
254,2023,MI,FT,Security Manager,114000,US,100,M
255,2023,SE,FT,Security Engineer,163400,US,0,M
256,2023,SE,FT,Security Engineer,90000,US,0,M
257,2023,MI,FT,DevSecOps,150000,US,100,M
258,2023,MI,FT,DevSecOps,135000,US,100,M
259,2023,SE,FT,Security Engineer,200000,US,0,M
260,2023,SE,FT,Security Engineer,180000,US,0,M
262,2023,MI,FT,Security Engineer,24000,IN,100,S
263,2023,SE,FT,Security Engineer,278700,US,0,M
264,2023,SE,FT,Security Engineer,159300,US,0,M
268,2023,SE,FT,Security Engineer,200000,US,0,M
269,2023,SE,FT,Security Engineer,180000,US,0,M
271,2023,SE,FT,DevSecOps,150000,US,0,M
272,2023,SE,FT,DevSecOps,100000,US,0,M
273,2023,SE,FT,Security Engineer,209880,US,0,M
274,2023,SE,FT,Security Engineer,170685,US,0,M
276,2023,SE,FT,Security Engineer,231000,US,0,M
277,2023,SE,FT,Security Engineer,128000,US,0,M
278,2023,SE,FT,Security Engineer,165000,US,0,L
279,2023,SE,FT,Security Researcher,220000,US,50,L
280,2023,MI,FT,Security Engineer,100000,US,0,M
281,2023,MI,FT,Security Engineer,80000,US,0,M
282,2023,EX,FT,Security Architect,230000,US,0,M
283,2023,EX,FT,Security Architect,190000,US,0,M
286,2023,SE,FT,Security Engineer,250830,US,0,M
287,2023,SE,FT,Security Engineer,143370,US,0,M
288,2023,SE,FT,Security Engineer,147000,US,100,M
289,2023,SE,FT,Security Engineer,127000,US,100,M
290,2023,SE,FT,Security Researcher,225500,US,0,M
291,2023,SE,FT,Security Researcher,139400,US,0,M
292,2023,SE,FT,Security Engineer,190000,US,0,M
293,2023,SE,FT,Security Engineer,136000,US,0,M
294,2023,SE,FT,Security Engineer,168400,US,0,M
295,2023,SE,FT,Security Engineer,105200,US,0,M
296,2023,SE,FT,Security Engineer,198800,US,0,M
297,2023,SE,FT,Security Engineer,122600,US,0,M
298,2023,MI,FT,Security Analyst,130000,US,0,M
299,2023,MI,FT,Security Analyst,90000,US,0,M
301,2023,SE,FT,Security Engineer,247500,US,0,M
302,2023,SE,FT,Security Engineer,153000,US,0,M
303,2023,SE,FT,Security Engineer,279500,US,0,M
304,2023,SE,FT,Security Engineer,172800,US,0,M
305,2023,SE,FT,Security Analyst,179875,US,100,M
306,2023,SE,FT,Security Analyst,107925,US,100,M
307,2023,SE,FT,Security Engineer,231000,US,0,M
308,2023,SE,FT,Security Engineer,128000,US,0,M
309,2023,MI,FT,Security Analyst,102000,US,50,L
310,2022,EN,FT,Security Engineer,92000,US,100,L
311,2023,SE,FT,Security Analyst,166500,US,0,M
312,2023,SE,FT,Security Analyst,120600,US,0,M
313,2023,SE,FT,Security Engineer,272300,US,0,M
314,2023,SE,FT,Security Engineer,189400,US,0,M
315,2023,SE,FT,Security Analyst,150000,US,100,M
316,2023,SE,FT,Security Analyst,110500,US,100,M
317,2023,MI,FT,Chief Information Security Officer,140000,US,0,M
318,2023,MI,FT,Chief Information Security Officer,86000,US,0,M
319,2023,SE,FT,Chief Information Security Officer,204500,US,0,M
320,2023,SE,FT,Chief Information Security Officer,142200,US,0,M
321,2023,SE,FT,Security Analyst,148000,US,100,M
322,2023,SE,FT,Security Analyst,114000,US,100,M
323,2023,SE,FT,DevSecOps,216500,US,0,M
324,2023,SE,FT,DevSecOps,133800,US,0,M
325,2023,SE,FT,Security Analyst,140000,US,0,M
326,2023,SE,FT,Security Analyst,86000,US,0,M
328,2023,SE,FT,DevSecOps,150000,US,0,M
329,2023,SE,FT,DevSecOps,100000,US,0,M
330,2023,SE,FT,Security Analyst,130000,US,0,M
331,2023,SE,FT,Security Analyst,90000,US,0,M
332,2023,SE,FT,Security Engineer,201000,US,0,M
333,2023,SE,FT,Security Engineer,143000,US,0,M
334,2022,EN,FT,Security Analyst,70000,US,100,L
336,2023,SE,FT,Security Engineer,329500,US,0,M
337,2023,SE,FT,Security Engineer,269600,US,0,M
338,2021,EN,FT,Security Analyst,60000,US,100,L
339,2022,SE,FT,Security Consultant,2000000,CZ,100,L
340,2023,MI,FT,Incident Response,110000,US,0,M
341,2023,MI,FT,Incident Response,44000,US,0,M
342,2023,SE,FT,Security Engineer,153900,US,100,M
343,2023,SE,FT,Security Engineer,117700,US,100,M
344,2023,MI,FT,Chief Information Security Officer,147100,US,0,M
345,2023,MI,FT,Chief Information Security Officer,90700,US,0,M
346,2023,SE,FT,Security Engineer,235400,US,100,M
347,2023,SE,FT,Security Engineer,160080,US,100,M
348,2023,SE,FT,Security Specialist,117000,US,0,M
349,2023,SE,FT,Security Specialist,70200,US,0,M
350,2023,SE,FT,Security Engineer,180360,US,100,M
351,2023,SE,FT,Security Engineer,123280,US,100,M
352,2022,MI,FT,Security Engineer,100000,US,0,L
359,2023,SE,FT,Security Engineer,204500,US,0,M
360,2023,SE,FT,Security Engineer,142200,US,0,M
361,2023,SE,FT,Security Engineer,266000,US,0,M
362,2023,SE,FT,Security Engineer,152000,US,0,M
363,2023,SE,FT,Security Engineer,180000,US,0,M
364,2023,SE,FT,Security Engineer,150000,US,0,M
365,2022,SE,FT,Security Architect,185000,US,100,L
366,2023,MI,FT,Security Analyst,141662,US,0,M
367,2023,MI,FT,Security Analyst,111700,US,0,M
368,2023,SE,FT,Security Engineer,170000,US,0,M
369,2023,SE,FT,Security Engineer,120000,US,0,M
372,2023,SE,FT,Security Engineer,175000,US,0,M
373,2023,SE,FT,Security Engineer,130000,US,0,M
374,2023,MI,FT,Security Analyst,92000,US,0,M
375,2023,MI,FT,Security Analyst,66000,US,0,M
376,2023,EX,FT,Security Engineer,100000,US,0,M
377,2023,EX,FT,Security Engineer,80000,US,0,M
378,2023,MI,FT,Security Engineer,150000,US,0,M
379,2023,MI,FT,Security Engineer,120000,US,0,M
380,2023,SE,FT,Security Researcher,225500,US,0,M
381,2023,SE,FT,Security Researcher,139400,US,0,M
382,2023,SE,FT,Security Engineer,175000,US,0,M
383,2023,SE,FT,Security Engineer,130000,US,0,M
384,2023,SE,FT,Security Engineer,95000,US,0,M
385,2023,SE,FT,Security Engineer,75000,US,0,M
386,2023,SE,FT,Security Engineer,120000,US,0,M
387,2023,SE,FT,Security Engineer,85000,US,0,M
388,2023,SE,FT,Security Engineer,150000,US,0,M
389,2023,SE,FT,Security Engineer,120000,US,0,M
390,2023,EX,FT,Security Engineer,250000,US,0,M
391,2023,EX,FT,Security Engineer,185000,US,0,M
392,2023,SE,FT,Threat Intelligence,147100,US,0,M
393,2023,SE,FT,Threat Intelligence,90700,US,0,M
394,2023,SE,FT,Security Engineer,220000,US,0,M
395,2023,SE,FT,Security Engineer,180000,US,0,M
396,2023,SE,FT,Security Architect,205150,US,0,M
397,2023,SE,FT,Security Architect,126800,US,0,M
398,2023,SE,FT,DevSecOps,216500,US,0,M
399,2023,SE,FT,DevSecOps,133800,US,0,M
400,2023,SE,FT,Security Engineer,250000,US,100,M
401,2023,SE,FT,Security Engineer,180000,US,100,M
402,2023,SE,FT,Security Engineer,279500,US,0,M
403,2023,SE,FT,Security Engineer,172800,US,0,M
404,2023,SE,FT,Security Engineer,247500,US,0,M
405,2023,SE,FT,Security Engineer,153000,US,0,M
406,2023,SE,FT,Security Engineer,116000,US,0,M
407,2023,SE,FT,Security Engineer,90000,US,0,M
408,2023,MI,FT,Security Analyst,215000,US,0,M
409,2023,MI,FT,Security Analyst,129000,US,0,M
410,2023,SE,FT,DevSecOps,150000,US,0,M
411,2023,SE,FT,DevSecOps,100000,US,0,M
413,2022,EN,FT,Security Analyst,72000,US,50,L
414,2022,SE,FT,Incident Response,240000,US,100,L
415,2022,SE,FT,Security Engineer,168400,US,0,M
416,2022,SE,FT,Security Engineer,105200,US,0,M
417,2022,SE,FT,Incident Response,200000,US,0,M
418,2022,SE,FT,Incident Response,130000,US,0,M
419,2022,SE,FT,Security Analyst,154000,US,0,M
420,2022,SE,FT,Security Analyst,140000,US,0,M
421,2022,SE,FT,Security Engineer,272250,US,100,M
422,2022,SE,FT,Security Engineer,198000,US,100,M
423,2022,SE,FT,Security Engineer,207500,US,100,M
424,2022,SE,FT,Security Engineer,145600,US,100,M
425,2022,EN,FT,Security Analyst,95000,US,100,M
426,2022,SE,FT,Security Architect,140000,US,100,L
428,2022,SE,FT,DevSecOps,150000,US,0,M
429,2022,SE,FT,DevSecOps,100000,US,0,M
430,2022,EN,FT,Chief Information Security Officer,100000,JO,0,M
431,2022,EX,FT,Security Architect,230000,US,0,M
432,2022,EX,FT,Security Architect,190000,US,0,M
433,2022,SE,FT,Security Engineer,212800,US,0,L
434,2022,SE,FT,Security Engineer,135500,US,0,L
436,2022,MI,FT,Security Analyst,89000,US,0,M
437,2022,MI,FT,Security Analyst,65000,US,0,M
438,2022,SE,FT,Security Analyst,123088,US,0,M
439,2022,SE,FT,Security Analyst,82425,US,0,M
440,2022,MI,FT,Security Specialist,85000,US,100,M
441,2022,MI,FT,Security Specialist,75000,US,100,M
442,2022,MI,FT,Security Consultant,102000,US,50,S
445,2022,SE,FT,Security Manager,215000,US,100,M
446,2022,SE,FT,DevSecOps,150000,US,0,M
447,2022,SE,FT,DevSecOps,100000,US,0,M
448,2022,SE,FT,Security Analyst,112200,US,0,M
449,2022,SE,FT,Security Analyst,88000,US,0,M
450,2022,SE,FT,Penetration Tester,147100,US,0,M
451,2022,SE,FT,Penetration Tester,90700,US,0,M
452,2022,SE,FT,Threat Intelligence,115100,US,0,M
453,2022,SE,FT,Threat Intelligence,73900,US,0,M
454,2022,MI,FT,Security Manager,240000,US,0,M
455,2022,MI,FT,Security Manager,150000,US,0,M
456,2022,SE,FT,Security Engineer,190000,US,0,M
457,2022,SE,FT,Security Engineer,155000,US,0,M
460,2022,MI,FT,Security Analyst,89000,US,100,M
461,2022,MI,FT,Security Analyst,65000,US,100,M
462,2022,SE,FT,Chief Information Security Officer,204500,US,0,M
463,2022,SE,FT,Chief Information Security Officer,142200,US,0,M
464,2022,EN,FT,Security Engineer,85000,US,100,S
465,2022,EN,FT,Security Consultant,70000,US,100,M
468,2022,SE,FT,Security Engineer,198800,US,0,M
469,2022,SE,FT,Security Engineer,122600,US,0,M
470,2022,SE,FT,Security Specialist,242990,US,100,M
471,2022,SE,FT,Security Specialist,91210,US,100,M
472,2022,EN,FT,Security Researcher,147100,US,0,M
473,2022,EN,FT,Security Researcher,73900,US,0,M
474,2022,SE,FT,Security Manager,169000,US,100,M
475,2022,SE,FT,Security Manager,117500,US,100,M
476,2022,SE,FT,DevSecOps,150000,US,0,M
477,2022,SE,FT,DevSecOps,100000,US,0,M
478,2022,SE,FT,Security Engineer,185000,US,100,M
479,2022,SE,FT,Security Engineer,157250,US,100,M
480,2022,SE,FT,Security Analyst,155500,US,100,M
481,2022,SE,FT,Security Analyst,127500,US,100,M
483,2022,SE,FT,Security Analyst,83900,US,0,L
484,2022,MI,FT,Chief Information Security Officer,125000,US,50,L
486,2022,SE,FT,Security Researcher,240000,CA,100,L
487,2022,EN,FT,Security Analyst,38000,US,100,L
488,2022,SE,FT,Security Analyst,105000,US,100,L
489,2022,MI,FT,Security Analyst,120000,US,0,M
490,2022,MI,FT,Security Analyst,80000,US,0,M
493,2022,EX,FT,Security Manager,165000,US,0,M
494,2022,EX,FT,Security Manager,143000,US,0,M
495,2022,MI,FT,DevSecOps,152000,US,0,M
496,2022,MI,FT,DevSecOps,91000,US,0,M
497,2022,SE,FT,Security Engineer,261201,US,100,M
498,2022,SE,FT,Security Engineer,179520,US,100,M
499,2022,SE,FT,Security Engineer,240000,US,0,M
500,2022,SE,FT,Security Engineer,187000,US,0,M
501,2022,SE,FT,Security Manager,124000,US,100,M
502,2022,SE,FT,Security Manager,100000,US,100,M
503,2022,SE,FT,Security Analyst,215000,US,0,M
504,2022,SE,FT,Security Analyst,89000,US,0,M
505,2022,SE,FT,Security Engineer,240000,US,100,M
506,2022,SE,FT,Security Engineer,187000,US,100,M
507,2022,SE,FT,Chief Information Security Officer,168400,US,0,M
508,2022,SE,FT,Chief Information Security Officer,105200,US,0,M
509,2022,SE,FT,DevSecOps,150000,US,0,M
510,2022,SE,FT,DevSecOps,100000,US,0,M
511,2022,SE,FT,Security Engineer,204500,US,0,M
512,2022,SE,FT,Security Engineer,142200,US,0,M
514,2022,MI,FT,Security Engineer,190000,US,0,M
515,2022,MI,FT,Security Engineer,140000,US,0,M
516,2022,MI,FT,Security Engineer,210000,US,0,M
517,2022,MI,FT,Security Engineer,150000,US,0,M
518,2022,MI,FT,Chief Information Security Officer,94000,US,0,M
519,2022,MI,FT,Chief Information Security Officer,59000,US,0,M
520,2022,SE,FT,DevSecOps,176000,US,0,M
521,2022,SE,FT,DevSecOps,119700,US,0,M
522,2022,SE,FT,Security Engineer,155000,US,100,M
523,2022,SE,FT,Security Engineer,135000,US,100,M
524,2022,SE,FT,Security Engineer,204500,US,0,M
525,2022,SE,FT,Security Engineer,142200,US,0,M
526,2022,MI,FT,Chief Information Security Officer,120000,US,0,M
527,2022,MI,FT,Chief Information Security Officer,87000,US,0,M
529,2022,SE,FT,Security Engineer,450000,US,50,L
533,2022,SE,FT,Security Engineer,115000,US,0,M
534,2022,SE,FT,Security Engineer,85000,US,0,M
535,2022,MI,FT,DevSecOps,119910,US,0,M
536,2022,MI,FT,DevSecOps,72324,US,0,M
537,2022,SE,FT,Security Engineer,140000,US,0,M
538,2022,SE,FT,Security Engineer,105000,US,0,M
539,2022,SE,FT,Chief Information Security Officer,150000,US,50,L
542,2022,SE,FT,Security Engineer,140000,US,0,M
543,2022,SE,FT,Security Engineer,113000,US,0,M
544,2022,SE,FT,DevSecOps,150000,US,0,M
545,2022,SE,FT,DevSecOps,100000,US,0,M
546,2022,SE,FT,Security Engineer,284000,US,100,M
547,2022,SE,FT,Security Engineer,165000,US,100,M
548,2022,EN,FT,Threat Intelligence,75000,US,0,L
551,2022,EN,FT,Security Analyst,91200,US,100,L
552,2022,MI,FT,Security Analyst,85000,US,100,M
553,2022,MI,FT,Security Analyst,75000,US,100,M
554,2022,SE,FT,Security Engineer,183000,US,100,M
555,2022,SE,FT,Security Engineer,141000,US,100,M
556,2022,MI,FT,Security Engineer,116000,US,0,M
557,2022,MI,FT,Security Engineer,90000,US,0,M
558,2022,MI,FT,Security Analyst,83000,US,100,M
559,2022,MI,FT,Security Analyst,66000,US,100,M
560,2022,SE,FT,Security Manager,204500,US,0,M
561,2022,SE,FT,Security Manager,142200,US,0,M
562,2022,SE,FT,Security Analyst,250000,US,100,M
563,2022,SE,FT,Security Analyst,180000,US,100,M
564,2022,SE,FT,Security Engineer,177300,US,100,M
565,2022,SE,FT,Security Engineer,136300,US,100,M
566,2022,SE,FT,Security Engineer,200400,US,100,M
567,2022,SE,FT,Security Engineer,172100,US,100,M
568,2022,MI,FT,Security Analyst,100000,US,100,M
569,2022,MI,FT,Security Analyst,90000,US,100,M
570,2022,SE,FT,Security Engineer,200400,US,100,M
571,2022,SE,FT,Security Engineer,172100,US,100,M
575,2022,SE,FT,Incident Response,80000,US,100,M
576,2022,SE,FT,Incident Response,65000,US,100,M
578,2022,SE,FT,Chief Information Security Officer,76950,US,0,L
579,2022,SE,FT,Security Engineer,180000,US,100,M
580,2022,SE,FT,Security Engineer,160000,US,100,M
581,2022,SE,FT,DevSecOps,150000,US,0,M
582,2022,SE,FT,DevSecOps,100000,US,0,M
584,2022,SE,FT,Security Analyst,134000,US,50,L
586,2022,MI,FT,Security Consultant,175000,US,100,L
588,2022,SE,FT,Security Engineer,185900,US,0,M
589,2022,SE,FT,Security Engineer,129300,US,0,M
590,2022,SE,FT,Security Analyst,112200,US,0,M
591,2022,SE,FT,Security Analyst,88000,US,0,M
592,2022,MI,FT,Security Engineer,147800,US,0,M
593,2022,MI,FT,Security Engineer,90400,US,0,M
594,2022,SE,FT,Security Engineer,210000,US,100,M
595,2022,SE,FT,Security Consultant,102000,US,100,S
596,2022,SE,FT,Security Engineer,204500,US,0,M
597,2022,SE,FT,Security Engineer,142200,US,0,M
598,2022,SE,FT,Security Engineer,204500,US,100,M
599,2022,SE,FT,Security Engineer,142200,US,100,M
600,2022,SE,FT,Security Engineer,247500,US,0,M
601,2022,SE,FT,Security Engineer,172200,US,0,M
602,2021,MI,FT,Security Engineer,125000,US,100,L
603,2022,EX,FT,Security Director,252000,US,50,L
604,2022,SE,FT,DevSecOps,176000,US,0,M
605,2022,SE,FT,DevSecOps,119700,US,0,M
606,2022,SE,FT,Security Engineer,247500,US,0,M
607,2022,SE,FT,Security Engineer,172200,US,0,M
608,2022,SE,FT,Security Engineer,210000,US,100,M
609,2022,SE,FT,Security Engineer,185000,US,100,M
610,2022,SE,FT,Security Engineer,250000,US,100,M
611,2022,SE,FT,Security Engineer,188000,US,100,M
614,2022,MI,FT,Security Analyst,100000,US,100,L
615,2022,MI,FT,Security Analyst,72000,US,100,L
616,2022,MI,FT,Security Analyst,90000,US,0,M
617,2022,MI,FT,Security Analyst,70000,US,0,M
619,2022,MI,FT,Security Engineer,94000,US,0,M
620,2022,SE,FT,Security Manager,204500,US,0,M
621,2022,SE,FT,Security Manager,142200,US,0,M
622,2022,SE,FT,Security Consultant,160000,US,100,M
623,2022,SE,FT,Security Engineer,180000,US,100,M
624,2022,SE,FT,Security Engineer,165000,US,100,M
625,2022,SE,FT,Security Architect,176000,US,100,L
627,2022,SE,FT,DevSecOps,150000,US,0,M
628,2022,SE,FT,DevSecOps,100000,US,0,M
630,2022,SE,FT,Security Analyst,140000,US,100,L
631,2022,SE,FT,Security Analyst,166500,US,0,M
632,2022,SE,FT,Security Analyst,120600,US,0,M
634,2022,EN,FT,Security Analyst,104000,US,100,L
637,2022,SE,FT,Security Engineer,185900,US,0,M
638,2022,SE,FT,Security Engineer,129300,US,0,M
639,2022,MI,FT,Penetration Tester,110000,US,100,M
640,2022,MI,FT,Security Engineer,197000,US,100,M
641,2022,MI,FT,Security Engineer,135000,US,100,M
644,2022,SE,FT,Security Engineer,247500,US,0,M
645,2022,SE,FT,Security Engineer,172200,US,0,M
646,2022,SE,FT,Security Engineer,186000,US,100,M
647,2022,SE,FT,Security Engineer,148800,US,100,M
648,2022,SE,FT,Security Engineer,247500,US,0,M
649,2022,SE,FT,Security Engineer,172200,US,0,M
650,2022,SE,FT,Security Manager,156000,US,0,M
651,2022,SE,FT,Security Manager,124000,US,0,M
652,2022,SE,FT,Security Manager,165000,US,0,M
653,2022,SE,FT,Security Manager,135000,US,0,M
654,2022,SE,FT,Security Engineer,155000,US,0,M
655,2022,SE,FT,Security Engineer,130000,US,0,M
656,2022,SE,FT,Security Analyst,146000,US,0,M
657,2022,SE,FT,Security Analyst,122000,US,0,M
658,2022,SE,FT,Security Engineer,240000,US,0,M
659,2022,SE,FT,Security Engineer,200000,US,0,M
660,2022,SE,FT,Security Analyst,179000,US,0,M
661,2022,SE,FT,Security Analyst,149000,US,0,M
662,2022,SE,FT,Security Analyst,179000,US,0,M
663,2022,SE,FT,Security Analyst,149000,US,0,M
664,2022,SE,FT,Security Engineer,240000,US,100,M
665,2022,SE,FT,Security Engineer,150000,US,100,M
666,2022,SE,FT,Security Engineer,247500,US,0,M
667,2022,SE,FT,Security Engineer,172200,US,0,M
668,2022,SE,FT,Security Engineer,205485,US,100,M
669,2022,SE,FT,Security Engineer,156560,US,100,M
672,2022,SE,FT,Security Engineer,151410,US,100,M
673,2022,SE,FT,Security Engineer,115360,US,100,M
674,2022,SE,FT,Threat Intelligence,205000,US,100,M
675,2022,SE,FT,Threat Intelligence,139400,US,100,M
677,2022,EN,FT,Penetration Tester,68000,US,50,L
679,2022,MI,FT,Security Manager,80000,PT,100,M
686,2022,SE,FT,Security Director,65000,US,0,L
688,2022,EX,FT,Chief Information Security Officer,172000,US,100,M
691,2022,MI,FT,Chief Information Security Officer,120000,US,0,M
692,2022,MI,FT,Chief Information Security Officer,87000,US,0,M
693,2022,MI,FT,DevSecOps,152000,US,0,M
694,2022,MI,FT,DevSecOps,91000,US,0,M
695,2022,MI,FT,Security Consultant,90000,US,100,S
697,2022,SE,FT,Security Engineer,125000,US,0,M
698,2022,SE,FT,Security Engineer,122000,US,0,M
699,2022,SE,FT,Threat Intelligence,205000,US,100,M
700,2022,SE,FT,Threat Intelligence,139400,US,100,M
701,2022,MI,FT,Security Engineer,147800,US,0,M
702,2022,MI,FT,Security Engineer,90400,US,0,M
703,2022,SE,FT,Penetration Tester,114800,US,100,M
704,2022,SE,FT,Penetration Tester,88600,US,100,M
706,2022,EX,FT,Chief Information Security Officer,148000,US,0,M
707,2022,EX,FT,Chief Information Security Officer,100000,US,0,M
708,2022,SE,FT,Security Analyst,250000,US,100,M
709,2022,SE,FT,Security Analyst,180000,US,100,M
710,2022,EN,FT,Security Specialist,62000,US,50,S
711,2022,EN,FT,Chief Information Security Officer,98000,US,0,L
712,2022,MI,FT,Incident Response,175000,US,100,L
713,2022,SE,FT,Security Engineer,157250,US,100,M
714,2022,SE,FT,Security Engineer,133663,US,100,M
715,2022,MI,FT,Security Researcher,120000,US,100,L
716,2022,SE,FT,Security Architect,163000,US,100,M
717,2022,SE,FT,Security Architect,122000,US,100,M
718,2022,MI,FT,Security Consultant,185000,US,100,L
719,2022,MI,FT,Security Consultant,98200,US,100,L
720,2021,SE,FT,Security Engineer,150000,US,100,L
722,2022,SE,FT,Security Engineer,163000,US,100,M
723,2022,SE,FT,Security Engineer,122000,US,100,M
724,2022,MI,FT,Security Engineer,128000,US,100,M
725,2022,MI,FT,Security Engineer,96000,US,100,M
727,2022,SE,FT,Security Engineer,160000,US,100,M
728,2022,SE,FT,Security Engineer,140000,US,100,M
729,2022,SE,FT,Security Analyst,145000,US,100,L
736,2022,EN,FT,Security Engineer,123000,US,50,L
737,2022,EN,FT,Security Specialist,100000,US,100,S
738,2022,SE,FT,Security Engineer,110000,US,100,L
740,2022,SE,FT,Security Engineer,220100,US,100,M
741,2022,SE,FT,Security Engineer,176080,US,100,M
742,2022,SE,FT,Security Engineer,243225,US,100,M
743,2022,SE,FT,Security Engineer,179775,US,100,M
744,2022,SE,FT,Security Analyst,209100,US,100,L
745,2022,SE,FT,Security Analyst,114800,US,100,L
746,2022,SE,FT,Penetration Tester,224000,US,100,M
747,2022,SE,FT,Penetration Tester,169000,US,100,M
748,2022,SE,FT,Security Manager,140000,US,100,L
749,2022,SE,FT,Security Engineer,215000,US,100,L
750,2022,SE,FT,Security Engineer,159000,US,100,L
751,2022,MI,FT,Security Analyst,80000,US,50,L
752,2022,SE,FT,Security Engineer,110000,US,100,M
753,2022,SE,FT,Security Engineer,95000,US,100,M
754,2022,SE,FT,Security Analyst,221500,US,100,M
755,2022,SE,FT,Security Analyst,90700,US,100,M
756,2022,EN,FT,Security Engineer,120000,US,0,M
757,2022,EN,FT,Security Engineer,75000,US,0,M
758,2022,EN,FT,Security Engineer,120000,US,0,M
759,2022,EN,FT,Security Engineer,75000,US,0,M
760,2022,MI,FT,Chief Information Security Officer,94000,US,0,M
761,2022,MI,FT,Chief Information Security Officer,59000,US,0,M
762,2022,EN,FT,Security Engineer,75000,US,0,L
763,2022,MI,FT,Incident Response,85000,US,100,L
764,2022,SE,FT,Security Engineer,194000,US,100,M
765,2022,SE,FT,Security Engineer,146000,US,100,M
766,2022,MI,FT,Security Specialist,120000,US,100,L
767,2022,MI,FT,Security Manager,180000,US,0,M
768,2022,MI,FT,Security Manager,120000,US,0,M
770,2022,SE,FT,Security Engineer,240000,US,100,M
771,2022,SE,FT,Security Engineer,200000,US,100,M
773,2021,MI,FT,Security Consultant,200000,CA,100,M
774,2022,MI,FT,Security Manager,101000,US,100,M
775,2022,MI,FT,Security Manager,97213,US,100,M
776,2022,MI,FT,Security Analyst,100000,US,100,M
777,2022,MI,FT,DevSecOps,152000,US,0,M
778,2022,MI,FT,DevSecOps,91000,US,0,M
779,2022,MI,FT,Chief Information Security Officer,120000,US,0,M
780,2022,MI,FT,Chief Information Security Officer,87000,US,0,M
781,2022,SE,FT,Security Engineer,200000,US,100,M
782,2022,SE,FT,Security Engineer,180000,US,100,M
784,2022,SE,FT,Chief Information Security Officer,123400,US,0,M
785,2022,SE,FT,Chief Information Security Officer,88100,US,0,M
786,2022,SE,FT,Security Engineer,163575,US,100,M
787,2022,SE,FT,Security Engineer,115800,US,100,M
789,2022,SE,FT,Security Analyst,136600,US,100,M
790,2022,SE,FT,Security Analyst,109280,US,100,M
791,2022,SE,FT,Security Engineer,211600,US,100,M
792,2022,SE,FT,Security Engineer,182160,US,100,M
793,2022,SE,FT,Security Engineer,211600,US,100,M
794,2022,SE,FT,Security Engineer,182160,US,100,M
795,2022,SE,FT,Security Engineer,145000,US,100,M
796,2022,SE,FT,Security Engineer,120000,US,100,M
797,2022,MI,FT,Security Consultant,112000,US,100,M
798,2022,MI,FT,Security Consultant,64000,US,100,M
799,2022,SE,FT,Security Analyst,105800,US,100,M
800,2022,SE,FT,Security Analyst,81600,US,100,M
801,2022,SE,FT,Security Engineer,210000,US,0,M
802,2022,SE,FT,Security Engineer,140000,US,0,M
804,2022,SE,FT,Penetration Tester,160000,US,100,M
805,2022,SE,FT,Penetration Tester,125000,US,100,M
806,2022,MI,FT,DevSecOps,119910,US,0,M
807,2022,MI,FT,DevSecOps,72324,US,0,M
808,2022,MI,FT,Chief Information Security Officer,94000,US,0,M
809,2022,MI,FT,Chief Information Security Officer,59000,US,0,M
810,2022,SE,FT,Security Specialist,177600,US,100,L
811,2022,SE,FT,Security Specialist,131300,US,100,L
812,2022,MI,FT,Security Engineer,120000,US,100,L
813,2022,SE,FT,Security Engineer,211600,US,100,M
814,2022,SE,FT,Security Engineer,182160,US,100,M
815,2022,SE,FT,Security Engineer,207000,US,100,M
816,2022,SE,FT,Security Engineer,139000,US,100,M
817,2022,SE,FT,Penetration Tester,207500,US,100,M
818,2022,SE,FT,Penetration Tester,125000,US,100,M
819,2022,SE,FT,Penetration Tester,230000,US,100,M
820,2022,SE,FT,Penetration Tester,140000,US,100,M
821,2022,SE,FT,Security Engineer,95000,US,100,M
822,2022,SE,FT,Security Engineer,154700,US,100,M
823,2022,SE,FT,Security Engineer,131495,US,100,M
824,2022,MI,FT,Security Engineer,95000,US,0,M
825,2022,MI,FT,Security Engineer,70000,US,0,M
828,2022,SE,FT,Security Engineer,235000,US,100,M
829,2022,SE,FT,Security Engineer,205000,US,100,M
830,2022,SE,FT,Security Engineer,154700,US,100,M
831,2022,SE,FT,Security Engineer,131495,US,100,M
836,2022,EX,FT,Security Director,125000,IN,100,L
837,2022,EX,FT,Chief Information Security Officer,160000,US,50,S
838,2022,SE,FT,Security Engineer,150000,US,100,M
839,2022,SE,FT,Security Engineer,140000,US,100,M
840,2022,SE,FT,Security Engineer,125000,US,100,M
841,2022,SE,FT,Security Engineer,110000,US,100,M
842,2022,SE,FT,Security Engineer,121800,US,100,L
843,2022,SE,FT,Security Engineer,81200,US,100,L
844,2022,MI,FT,Security Analyst,70000,FR,100,L
845,2022,EX,FT,Security Manager,125000,US,0,L
846,2022,MI,FT,Security Engineer,105000,US,100,L
847,2022,SE,FT,Threat Hunter,207500,US,100,M
848,2022,SE,FT,Threat Hunter,125000,US,100,M
849,2022,MI,FT,Security Manager,110000,US,100,L
850,2022,SE,FT,Security Engineer,181940,US,100,M
851,2022,SE,FT,Security Engineer,132000,US,100,M
852,2022,MI,FT,Incident Response,106000,US,50,M
854,2022,EN,PT,Security Analyst,46800,US,100,L
855,2022,SE,FT,Threat Intelligence,137000,US,100,L
856,2022,SE,FT,Threat Intelligence,137000,US,100,L
857,2022,SE,FT,Security Engineer,210000,US,100,M
858,2022,SE,FT,Security Engineer,160000,US,100,M
859,2022,SE,FT,Security Consultant,228600,US,100,L
860,2022,SE,FT,Security Consultant,153600,US,100,L
861,2022,SE,FT,Security Analyst,146000,US,0,M
862,2022,SE,FT,Security Analyst,122000,US,0,M
863,2022,SE,FT,Security Consultant,228600,US,100,L
864,2022,SE,FT,Security Consultant,153600,US,100,L
865,2022,SE,FT,Security Engineer,182000,US,100,M
866,2022,SE,FT,Security Engineer,153000,US,100,M
867,2022,EN,FT,Security Consultant,110000,US,100,M
868,2022,SE,FT,Security Consultant,228518,US,100,L
869,2022,SE,FT,Security Consultant,153550,US,100,L
870,2022,SE,FT,Security Engineer,188700,US,100,L
871,2022,SE,FT,Security Engineer,103600,US,100,L
875,2022,SE,FT,Security Engineer,157250,US,100,M
876,2022,SE,FT,Security Engineer,133663,US,100,M
883,2022,SE,FT,Security Engineer,150000,US,100,M
884,2022,SE,FT,Security Engineer,130000,US,100,M
885,2022,EN,FT,Security Manager,63000,US,50,S
886,2022,MI,FT,Security Analyst,95000,US,0,M
887,2022,MI,FT,Security Analyst,70000,US,0,M
890,2022,EX,FT,Security Architect,315000,US,100,L
891,2022,SE,FT,Security Researcher,220000,US,100,M
892,2022,SE,FT,Security Researcher,140000,US,100,M
895,2021,EN,FT,Security Specialist,50000,US,0,S
896,2022,SE,FT,Security Specialist,85000,US,100,L
897,2022,MI,FT,Security Consultant,90000,US,100,L
898,2022,EN,FT,Security Specialist,50000,US,0,S
899,2022,EX,FT,Security Director,290000,US,100,L
900,2021,EX,FT,Security Director,232000,US,100,L
901,2022,EX,FT,Security Director,244000,US,100,L
902,2022,EN,FT,Incident Response,112000,US,100,L
903,2022,EN,FT,Security Analyst,72000,US,100,L
908,2022,MI,FT,DevSecOps,152000,US,0,M
909,2022,MI,FT,DevSecOps,91000,US,0,M
911,2022,MI,FT,Security Engineer,207000,US,100,L
913,2022,MI,FT,Vulnerability Management,115000,US,100,L
915,2022,EN,FT,Security Analyst,52000,US,100,L
916,2022,SE,FT,Security Engineer,237000,US,100,L
917,2021,EN,FT,Security Architect,150000,US,50,M
918,2022,SE,FT,Security Manager,110000,US,0,L
919,2022,EN,FT,Security Analyst,104000,US,100,L
920,2021,EN,FT,Security Analyst,75000,US,0,M
921,2022,SE,FT,DevSecOps,165000,US,100,L
922,2022,SE,FT,Penetration Tester,190000,US,100,L
923,2022,SE,FT,Threat Intelligence,135000,US,100,L
925,2022,MI,FT,Chief Information Security Officer,97900,US,50,L
926,2022,SE,FT,Security Analyst,90000,US,100,S
927,2021,SE,FT,Security Consultant,175000,US,100,L
928,2022,MI,FT,Security Analyst,89998,US,0,L
929,2022,MI,FT,Security Specialist,150000,US,100,L
930,2022,MI,FT,Security Analyst,115000,US,100,L
931,2022,MI,FT,Chief Information Security Officer,135000,US,50,L
932,2022,EX,FT,Security Manager,102000,US,50,L
933,2022,SE,FT,Penetration Tester,108000,US,100,L
934,2022,SE,FT,Security Consultant,200000,US,100,M
936,2022,EN,FT,Security Analyst,50000,US,0,S
937,2022,SE,FT,DevSecOps,157000,US,0,M
938,2022,SE,FT,DevSecOps,108000,US,0,M
939,2022,EX,FT,Security Director,148000,US,0,L
940,2022,MI,FT,Security Engineer,130000,US,0,M
941,2022,MI,FT,Security Engineer,120000,US,0,M
945,2022,SE,FT,Threat Intelligence,184800,US,100,M
946,2022,SE,FT,Threat Intelligence,130800,US,100,M
949,2022,MI,FT,Security Analyst,114000,US,0,L
950,2022,SE,FT,Security Engineer,207000,US,100,M
951,2022,SE,FT,Security Engineer,153000,US,100,M
952,2022,SE,FT,Incident Response,245000,US,100,L
953,2022,SE,FT,Security Analyst,98000,US,50,L
954,2022,SE,FT,Security Engineer,220100,US,100,M
955,2022,SE,FT,Security Engineer,176080,US,100,M
956,2022,SE,FT,Security Engineer,226400,US,100,L
957,2022,SE,FT,Security Engineer,124300,US,100,L
958,2022,SE,FT,Security Engineer,145000,US,100,L
961,2022,EN,FT,Security Analyst,50000,US,100,L
962,2022,EN,FT,Security Analyst,50000,US,100,L
964,2022,SE,FT,Security Specialist,238200,US,100,L
965,2022,SE,FT,Security Specialist,176100,US,100,L
966,2022,SE,FT,Security Engineer,181940,US,100,M
967,2022,SE,FT,Security Engineer,132000,US,100,M
968,2022,SE,FT,Security Engineer,186000,US,100,M
969,2022,SE,FT,Security Engineer,148800,US,100,M
970,2022,SE,FT,Security Engineer,252000,US,100,M
971,2022,SE,FT,Security Engineer,145000,US,100,M
972,2022,EX,FT,Chief Information Security Officer,236000,US,100,L
974,2022,SE,FT,Security Engineer,167000,US,100,M
975,2022,EX,FT,Security Director,175000,US,100,M
977,2022,MI,FT,Security Engineer,86500,US,50,L
979,2022,SE,FT,Security Engineer,200100,US,100,M
980,2022,SE,FT,Security Engineer,160080,US,100,M
981,2022,SE,FT,Security Engineer,165400,US,100,M
982,2022,SE,FT,Security Engineer,132320,US,100,M
983,2022,SE,FT,Security Specialist,207800,US,100,L
984,2022,SE,FT,Security Specialist,153600,US,100,L
986,2021,MI,FT,Security Analyst,88000,US,100,L
987,2022,EX,FT,Security Manager,180000,US,100,L
990,2022,SE,FT,Vulnerability Management,250600,US,100,M
991,2022,SE,FT,Vulnerability Management,118100,US,100,M
992,2022,SE,FT,Security Engineer,105800,US,100,M
993,2022,SE,FT,Security Engineer,81600,US,100,M
994,2022,EN,FT,Security Analyst,140000,US,100,L
995,2022,SE,FT,Chief Information Security Officer,267840,US,100,M
996,2022,SE,FT,Chief Information Security Officer,214056,US,100,M
997,2022,SE,FT,Security Researcher,240000,CA,100,L
1000,2022,EN,CT,Security Analyst,80000,US,100,L
1001,2022,EN,CT,Security Analyst,60000,US,100,L
1002,2022,EN,FT,Security Analyst,60000,US,100,L
1003,2022,EN,FT,Security Engineer,60000,US,100,L
1004,2022,EN,FT,Security Engineer,60000,US,100,S
1005,2021,EN,FT,Security Analyst,115000,US,100,M
1011,2022,SE,FT,Security Engineer,175000,US,0,S
1012,2022,EX,FT,Security Director,180000,US,100,L
1013,2022,MI,FT,Security Engineer,101000,US,100,L
1014,2022,MI,FT,Security Engineer,101000,US,100,L
1015,2022,SE,FT,Security Engineer,175000,US,100,L
1016,2022,MI,FT,Security Analyst,97500,US,100,L
1017,2022,EN,FT,Security Analyst,67000,US,100,L
1018,2022,SE,FT,Security Engineer,124600,US,100,M
1019,2022,SE,FT,Security Engineer,96000,US,100,M
1024,2022,SE,FT,Penetration Tester,180000,US,100,M
1025,2022,SE,FT,Penetration Tester,140000,US,100,M
1026,2022,SE,FT,Security Engineer,245000,US,0,M
1027,2022,SE,FT,Security Engineer,190000,US,0,M
1028,2022,SE,FT,Security Engineer,226400,US,100,L
1029,2022,SE,FT,Security Engineer,124300,US,100,L
1031,2022,EN,FT,Security Analyst,91600,US,100,L
1032,2022,MI,FT,Security Engineer,165000,US,50,L
1033,2022,SE,FT,Security Specialist,160000,US,100,L
1034,2022,SE,FT,Security Specialist,92400,US,100,L
1035,2022,SE,FT,Threat Intelligence,103000,US,100,L
1036,2022,SE,FT,Security Engineer,154000,US,100,M
1037,2022,SE,FT,Security Engineer,139000,US,100,M
1038,2022,EX,FT,Chief Information Security Officer,160000,US,100,M
1039,2022,EX,FT,Chief Information Security Officer,120000,US,100,M
1041,2022,SE,FT,Security Engineer,82900,US,100,M
1042,2022,SE,FT,Security Engineer,63900,US,100,M
1043,2022,EN,FT,Security Analyst,75000,US,100,L
1044,2022,EN,FT,Security Analyst,75000,US,100,L
1045,2022,MI,FT,Security Analyst,89000,US,0,L
1046,2022,MI,FT,Security Analyst,68462,US,0,L
1048,2022,SE,FT,Security Engineer,276900,US,100,M
1049,2022,SE,FT,Security Engineer,168400,US,100,M
1050,2022,SE,FT,Security Engineer,105800,US,0,M
1051,2022,SE,FT,Security Engineer,81600,US,0,M
1052,2022,SE,FT,Security Specialist,177600,US,100,L
1053,2022,SE,FT,Security Specialist,131300,US,100,L
1054,2022,SE,FT,Security Engineer,120000,US,100,M
1055,2022,SE,FT,Security Engineer,90000,US,100,M
1056,2022,MI,FT,Security Engineer,145000,US,100,M
1057,2022,MI,FT,Security Engineer,105400,US,100,M
1058,2022,SE,FT,Security Engineer,220000,US,0,M
1059,2022,SE,FT,Security Engineer,140000,US,0,M
1060,2022,SE,FT,Security Engineer,175000,US,100,M
1061,2022,SE,FT,Security Engineer,130000,US,100,M
1063,2022,SE,FT,Security Engineer,60000,PK,100,M
1064,2022,EN,PT,Penetration Tester,80000,IN,100,L
1065,2022,MI,FT,Security Engineer,200100,US,100,M
1066,2022,MI,FT,Security Engineer,160080,US,100,M
1067,2022,MI,FT,Security Consultant,135000,US,100,M
1068,2022,MI,FT,Security Consultant,100000,US,100,M
1069,2022,SE,FT,Security Engineer,195000,US,100,M
1070,2022,SE,FT,Security Engineer,170000,US,100,M
1071,2022,MI,FT,Security Engineer,108070,US,100,M
1072,2022,MI,FT,Security Engineer,91860,US,100,M
1073,2022,SE,FT,Security Specialist,207800,US,100,L
1074,2022,SE,FT,Security Specialist,153600,US,100,L
1075,2022,MI,FT,Security Analyst,102600,US,100,M
1076,2022,MI,FT,Security Analyst,82080,US,100,M
1077,2022,MI,FT,Security Engineer,160000,US,0,M
1078,2022,MI,FT,Security Engineer,110000,US,0,M
1083,2022,MI,FT,Security Engineer,180000,US,100,M
1084,2022,MI,FT,Security Engineer,140000,US,100,M
1085,2022,EX,FT,Chief Information Security Officer,240000,US,100,M
1086,2022,EX,FT,Chief Information Security Officer,180000,US,100,M
1087,2022,MI,FT,DevSecOps,152000,US,0,M
1088,2022,MI,FT,DevSecOps,91000,US,0,M
1089,2022,MI,FT,Security Engineer,200100,US,100,M
1090,2022,MI,FT,Security Engineer,160080,US,100,M
1091,2022,MI,FT,Security Analyst,193800,US,100,M
1092,2022,MI,FT,Security Analyst,62000,US,100,M
1093,2022,SE,FT,Security Engineer,160000,US,100,L
1094,2022,SE,FT,Security Engineer,120000,US,100,L
1095,2022,SE,FT,Security Engineer,192400,US,100,M
1096,2022,SE,FT,Security Engineer,90700,US,100,M
1097,2022,SE,FT,Security Analyst,150260,US,100,M
1098,2022,SE,FT,Security Analyst,109280,US,100,M
1099,2022,SE,FT,Penetration Tester,175000,US,0,M
1100,2022,SE,FT,Penetration Tester,90000,US,0,M
1101,2022,SE,FT,Security Engineer,200100,US,100,M
1102,2022,SE,FT,Security Engineer,160080,US,100,M
1103,2022,SE,FT,DevSecOps,130200,US,100,M
1104,2022,SE,FT,DevSecOps,106500,US,100,M
1105,2022,SE,FT,Security Specialist,146800,US,100,M
1106,2022,SE,FT,Security Specialist,118200,US,100,M
1107,2022,SE,FT,Security Engineer,165200,US,100,M
1108,2022,SE,FT,Security Engineer,133000,US,100,M
1109,2022,SE,FT,Security Engineer,165200,US,100,M
1110,2022,SE,FT,Security Engineer,133000,US,100,M
1111,2022,SE,FT,Security Engineer,146800,US,100,M
1112,2022,SE,FT,Security Engineer,118200,US,100,M
1113,2022,SE,FT,Security Engineer,115700,US,100,M
1114,2022,SE,FT,Security Engineer,94700,US,100,M
1115,2022,MI,FT,Security Analyst,60000,US,100,M
1116,2022,MI,FT,Security Analyst,50000,US,100,M
1119,2022,SE,FT,Security Analyst,144200,US,0,M
1120,2022,SE,FT,Security Analyst,132870,US,0,M
1121,2022,SE,FT,Security Engineer,175000,US,0,M
1122,2022,SE,FT,Security Engineer,120000,US,0,M
1123,2022,SE,FT,Penetration Tester,180000,US,100,M
1124,2022,SE,FT,Penetration Tester,80000,US,100,M
1125,2022,MI,FT,DevSecOps,91670,US,0,L
1126,2022,MI,FT,DevSecOps,63500,US,0,L
1127,2022,SE,FT,Security Manager,180000,US,0,M
1128,2022,SE,FT,Security Manager,90000,US,0,M
1131,2022,SE,FT,Security Engineer,165400,US,100,M
1132,2022,SE,FT,Security Engineer,132320,US,100,M
1133,2022,SE,FT,Security Engineer,184800,US,100,M
1134,2022,SE,FT,Security Engineer,148800,US,100,M
1137,2022,SE,FT,Security Engineer,165400,US,100,M
1138,2022,SE,FT,Security Engineer,132320,US,100,M
1139,2022,MI,FT,Security Engineer,145000,US,100,M
1140,2022,MI,FT,Security Engineer,118600,US,100,M
1141,2022,MI,FT,DevSecOps,152000,US,0,M
1142,2022,MI,FT,DevSecOps,91000,US,0,M
1145,2022,SE,FT,DevSecOps,157000,US,0,M
1146,2022,SE,FT,DevSecOps,108000,US,0,M
1147,2022,SE,FT,Security Consultant,175000,US,100,M
1148,2022,SE,FT,Security Consultant,90000,US,100,M
1151,2022,SE,FT,Security Engineer,220000,US,100,M
1152,2022,SE,FT,Security Engineer,165400,US,100,M
1153,2022,SE,FT,Security Engineer,184800,US,100,M
1154,2022,SE,FT,Security Engineer,148800,US,100,M
1155,2022,SE,FT,Security Engineer,145000,US,100,M
1156,2022,SE,FT,Security Engineer,118600,US,100,M
1157,2022,SE,FT,Security Engineer,165400,US,0,M
1158,2022,SE,FT,Security Engineer,132320,US,0,M
1159,2022,SE,FT,Security Engineer,165400,US,100,M
1160,2022,SE,FT,Security Engineer,132320,US,100,M
1161,2022,SE,FT,Security Engineer,160000,US,100,M
1162,2022,SE,FT,Security Engineer,130000,US,100,M
1163,2022,MI,FT,Vulnerability Management,115000,US,100,M
1164,2022,MI,FT,Vulnerability Management,100000,US,100,M
1165,2022,SE,FT,Security Engineer,131500,US,100,M
1166,2022,SE,FT,Security Engineer,111775,US,100,M
1167,2022,SE,FT,Security Engineer,221500,US,100,M
1168,2022,SE,FT,Security Engineer,104400,US,100,M
1169,2022,SE,FT,Security Engineer,210000,US,0,M
1170,2022,SE,FT,Security Engineer,160000,US,0,M
1171,2022,MI,FT,Security Engineer,140000,US,100,S
1172,2022,MI,FT,Security Engineer,90000,US,100,S
1173,2022,SE,FT,Security Engineer,165400,US,100,M
1174,2022,SE,FT,Security Engineer,132320,US,100,M
1175,2022,MI,FT,Security Analyst,60000,US,100,M
1176,2022,MI,FT,Security Analyst,50000,US,100,M
1177,2022,SE,FT,Chief Information Security Officer,267840,US,100,M
1178,2022,SE,FT,Chief Information Security Officer,214056,US,100,M
1179,2022,SE,FT,Security Engineer,201000,US,100,M
1180,2022,SE,FT,Security Engineer,160080,US,100,M
1181,2022,MI,FT,Security Engineer,172000,US,0,M
1182,2022,MI,FT,Security Engineer,87000,US,0,M
1183,2022,MI,FT,Security Engineer,141300,US,0,M
1184,2022,MI,FT,Security Engineer,102100,US,0,M
1185,2022,MI,FT,Security Engineer,141300,US,0,M
1186,2022,MI,FT,Security Engineer,88100,US,0,M
1187,2022,SE,FT,DevSecOps,120000,US,100,M
1188,2022,SE,FT,DevSecOps,30000,US,100,M
1189,2022,SE,FT,Threat Intelligence,222500,US,100,M
1190,2022,SE,FT,Threat Intelligence,135000,US,100,M
1191,2022,EX,FT,Chief Information Security Officer,300000,US,100,M
1192,2022,EX,FT,Chief Information Security Officer,250000,US,100,M
1195,2022,SE,FT,Security Analyst,168400,US,100,M
1196,2022,SE,FT,Security Analyst,148000,US,100,M
1197,2022,SE,FT,Security Engineer,165400,US,100,M
1198,2022,SE,FT,Security Engineer,132320,US,100,M
1199,2022,SE,FT,Security Engineer,200100,US,100,M
1200,2022,SE,FT,Security Engineer,160080,US,100,M
1201,2022,SE,FT,Security Engineer,220100,US,100,M
1202,2022,SE,FT,Security Engineer,176080,US,100,M
1205,2022,MI,FT,Security Analyst,65000,US,100,M
1206,2022,MI,FT,Security Analyst,55000,US,100,M
1207,2022,SE,FT,Security Engineer,230000,US,0,M
1208,2022,SE,FT,Security Engineer,190000,US,0,M
1209,2022,SE,FT,Security Engineer,182750,US,100,M
1210,2022,SE,FT,Security Engineer,153000,US,100,M
1211,2022,MI,FT,Security Engineer,210000,US,100,M
1212,2022,MI,FT,Security Engineer,140000,US,100,M
1213,2022,SE,FT,Security Engineer,207000,US,100,M
1214,2022,SE,FT,Security Engineer,153000,US,100,M
1215,2022,MI,FT,Security Engineer,182000,US,100,M
1216,2022,MI,FT,Security Engineer,153000,US,100,M
1217,2022,SE,FT,Security Engineer,220100,US,100,M
1218,2022,SE,FT,Security Engineer,176080,US,100,M
1219,2022,SE,FT,Security Engineer,120000,US,100,M
1220,2022,SE,FT,Security Engineer,90000,US,100,M
1221,2022,MI,FT,Security Analyst,60000,US,100,M
1222,2022,MI,FT,Security Analyst,50000,US,100,M
1223,2022,SE,FT,Security Engineer,276900,US,100,M
1224,2022,SE,FT,Security Engineer,104400,US,100,M
1225,2022,SE,FT,Security Engineer,192400,US,100,M
1226,2022,SE,FT,Security Engineer,90700,US,100,M
1229,2022,MI,FT,Security Engineer,208775,US,100,M
1230,2022,MI,FT,Security Engineer,147800,US,100,M
1231,2022,SE,FT,DevSecOps,157000,US,0,M
1232,2022,SE,FT,DevSecOps,108000,US,0,M
1233,2022,MI,FT,DevSecOps,152000,US,0,M
1234,2022,MI,FT,DevSecOps,91000,US,0,M
1235,2022,SE,FT,Security Engineer,200100,US,100,M
1236,2022,SE,FT,Security Engineer,160080,US,100,M
1238,2022,MI,FT,Security Engineer,200000,US,100,L
1241,2022,EX,FT,Security Director,220000,US,100,M
1242,2022,EN,FT,Security Architect,150000,GH,100,M
1243,2022,SE,FT,Security Engineer,271600,US,100,L
1244,2022,MI,FT,Security Consultant,122500,US,100,S
1245,2022,MI,FT,Security Architect,129000,US,100,L
1246,2022,SE,FT,Security Engineer,260000,US,100,L
1247,2022,SE,FT,Security Manager,145000,US,100,L
1248,2022,SE,FT,Security Researcher,135000,ES,100,S
1250,2022,MI,FT,Threat Intelligence,126000,US,0,M
1251,2022,MI,FT,Security Engineer,122000,US,50,L
1254,2022,MI,FT,Incident Response,140000,US,100,L
1255,2022,SE,FT,Security Architect,150000,US,100,L
1256,2021,SE,FT,Security Researcher,172500,US,100,L
1257,2022,MI,FT,Threat Intelligence,120000,US,50,L
1258,2022,EX,FT,Security Analyst,259000,US,50,L
1259,2022,SE,FT,Threat Intelligence,180000,US,50,L
1260,2022,SE,FT,Security Manager,250000,US,100,L
1261,2022,EN,FT,Threat Intelligence,105000,US,100,L
1262,2022,SE,FT,Security Analyst,104000,US,100,M
1263,2022,SE,FT,Security Researcher,192500,US,100,S
1266,2021,SE,FT,Security Engineer,190000,US,0,L
1267,2022,MI,FT,Security Engineer,100000,US,100,L
1269,2022,SE,FT,Security Architect,224000,US,100,L
1270,2022,SE,FT,Security Analyst,125000,US,100,L
1271,2021,SE,FT,Threat Intelligence,120000,US,100,L
1274,2022,SE,FT,Security Engineer,215000,US,100,L
1275,2022,MI,FT,Security Engineer,260000,US,100,L
1278,2021,EN,FT,Penetration Tester,50000,US,100,L
1279,2022,SE,FT,Security Consultant,149000,US,100,M
1280,2020,SE,FT,Security Engineer,107000,US,0,L
1281,2022,SE,FT,Security Consultant,140000,US,100,M
1282,2022,SE,FT,Security Engineer,232000,CA,100,L
1283,2022,SE,FT,Security Manager,127000,US,100,L
1286,2022,MI,FT,Security Engineer,130000,US,100,S
1287,2022,SE,FT,Security Manager,135000,US,0,L
1288,2021,SE,FT,Security Manager,135000,US,0,L
1289,2022,EX,FT,Security Architect,325000,US,100,L
1290,2021,EN,FT,Security Researcher,100000,US,50,L
1291,2022,SE,FT,Security Manager,150000,US,100,L
1292,2022,MI,FT,Security Engineer,130000,US,100,M
1293,2022,SE,FT,Incident Response,135000,US,100,M
1294,2022,SE,FT,Incident Response,100000,US,100,M
1295,2022,EN,FT,Security Analyst,85000,US,0,L
1296,2021,SE,FT,Security Analyst,180000,US,100,L
1297,2022,SE,FT,Security Engineer,150000,US,100,L
1298,2022,EN,FT,Security Analyst,55000,US,0,M
1299,2021,SE,FT,Incident Response,175000,US,100,M
1300,2022,EN,FT,Security Engineer,70000,US,100,L
1301,2021,EN,FT,Security Engineer,200000,US,100,L
1304,2022,MI,FT,Security Analyst,90000,US,100,L
1305,2022,EX,FT,Security Manager,201000,US,100,L
1306,2022,SE,FT,Security Engineer,196000,US,100,L
1307,2021,SE,FT,Security Researcher,137000,US,50,M
1308,2022,MI,FT,Security Analyst,180000,US,100,L
1309,2022,MI,FT,Security Engineer,250000,US,100,L
1310,2021,SE,FT,Security Architect,128000,US,100,L
1311,2022,SE,FT,Threat Intelligence,150000,US,100,L
1312,2022,MI,FT,Security Engineer,150000,US,0,L
1313,2022,MI,FT,Security Manager,180000,US,100,L
1314,2022,SE,FT,Vulnerability Management,130000,US,0,L
1315,2022,MI,FT,Incident Response,127000,US,100,L
1316,2022,MI,FT,Security Engineer,108856,US,0,L
1320,2022,MI,FT,Incident Response,87000,US,50,L
1322,2022,SE,FT,Security Engineer,130000,US,50,L
1324,2022,SE,FT,Security Researcher,92000,FR,100,L
1325,2022,MI,FT,DevSecOps,150000,US,100,L
1326,2021,SE,FT,Penetration Tester,160000,US,100,L
1327,2021,SE,FT,Security Engineer,150000,US,50,L
1329,2021,MI,FT,Security Analyst,55000,US,50,L
1330,2022,SE,FT,Security Manager,260000,US,100,L
1333,2021,SE,FT,Security Manager,145000,US,0,L
1334,2021,SE,FT,Security Manager,135000,US,0,L
1335,2021,MI,FT,Security Analyst,88000,US,0,L
1336,2021,MI,FT,Security Analyst,84000,US,0,L
1337,2021,SE,FT,Security Engineer,120000,US,100,M
1338,2022,SE,FT,Security Engineer,146000,US,100,L
1342,2022,EN,FT,Threat Intelligence,60000,US,100,M
1343,2022,SE,FT,Vulnerability Management,175000,US,100,L
1344,2022,SE,FT,Security Architect,160000,US,100,L
1346,2022,MI,FT,Security Engineer,130000,US,100,M
1348,2021,EN,FT,Security Analyst,84300,US,100,L
1349,2022,EN,FT,Penetration Tester,50000,US,100,S
1350,2022,EN,FT,Incident Response,85000,US,100,L
1351,2022,MI,FT,Security Manager,171200,US,100,L
1352,2021,MI,FT,Security Analyst,66000,US,100,L
1353,2022,EX,FT,Security Director,270000,US,50,L
1354,2022,MI,FT,Security Analyst,84583,US,0,L
1355,2021,EN,FT,Security Analyst,70000,US,0,L
1356,2022,EN,FT,Penetration Tester,63000,US,50,L
1360,2022,EN,FT,Security Manager,110000,US,50,M
1361,2021,EN,FT,Security Analyst,53000,US,50,M
1362,2021,EN,FT,Security Analyst,55000,US,50,S
1363,2021,SE,FT,Security Analyst,180000,US,100,L
1368,2022,SE,FT,Security Specialist,106000,US,100,L
1370,2022,MI,FT,Security Engineer,98000,US,100,L
1371,2020,SE,FT,Threat Intelligence,125000,US,50,L
1374,2022,MI,FT,Incident Response,160000,US,100,L
1377,2022,SE,FT,Penetration Tester,150000,US,100,M
1378,2022,EN,FT,Security Analyst,76000,US,50,L
1380,2021,EX,FT,Chief Information Security Officer,310000,US,50,L
1383,2022,MI,FT,Incident Response,155000,CA,100,L
1384,2021,MI,FT,Security Manager,99980,US,100,L
1385,2021,MI,FT,Threat Intelligence,145000,US,100,L
1386,2022,EN,FT,Security Specialist,79000,US,50,M
1387,2021,MI,FT,Security Manager,120000,US,100,L
1388,2022,EX,FT,Security Director,210000,US,100,L
1389,2022,MI,FT,Threat Intelligence,125000,US,100,M
1390,2022,SE,FT,Security Analyst,115000,US,100,L
1391,2021,SE,FT,Security Manager,225000,US,100,L
1395,2022,EX,FT,Security Manager,153000,US,100,L
1397,2022,SE,FT,Security Engineer,180000,US,100,M
1398,2021,MI,FT,Threat Intelligence,120000,US,100,L
1399,2022,MI,FT,Security Analyst,107000,US,100,L
1401,2022,EN,FT,Security Analyst,65000,US,100,L
1404,2021,SE,FT,Security Manager,305000,US,100,L
1405,2021,SE,FT,Security Engineer,125000,US,100,L
1407,2021,SE,FT,Security Engineer,140000,US,50,L
1408,2022,SE,FT,Security Architect,297000,US,50,L
1409,2021,MI,FT,Security Analyst,46560,US,100,L
1410,2022,SE,FT,Security Analyst,96000,US,100,L
1411,2022,SE,FT,Penetration Tester,130000,US,100,L
1416,2022,SE,FT,Security Researcher,82000,DE,100,L
1417,2022,SE,FT,Security Analyst,129000,US,100,L
1418,2022,SE,FT,Security Engineer,155000,US,100,L
1419,2021,SE,FT,Security Architect,125000,US,100,L
1420,2020,EN,FT,Security Analyst,73000,US,0,M
1421,2021,SE,FT,Security Engineer,170000,US,100,L
1422,2022,SE,FT,Security Engineer,160000,US,100,L
1423,2022,EN,FT,Security Analyst,70000,US,100,M
1424,2021,MI,FT,Security Analyst,98000,US,100,L
1425,2022,SE,FT,Threat Intelligence,143000,US,100,L
1426,2021,MI,FT,Security Engineer,83500,US,0,L
1427,2022,MI,FT,Security Analyst,120000,US,100,L
1428,2022,MI,FT,Security Engineer,120000,US,100,M
1429,2022,MI,FT,Security Analyst,20100,CR,100,L
1430,2022,EX,FT,Security Researcher,240000,US,100,L
1431,2021,MI,FT,Threat Intelligence,97000,US,100,L
1432,2022,SE,FT,Threat Intelligence,220000,US,100,L
1433,2022,EX,FT,Threat Intelligence,287500,US,50,L
1434,2022,SE,FT,Penetration Tester,150000,US,100,M
1435,2021,SE,FT,Security Engineer,120000,US,100,L
1436,2021,SE,FT,Threat Intelligence,157000,US,100,L
1437,2021,SE,FT,Threat Intelligence,208000,JP,100,L
1438,2022,SE,FT,Security Specialist,100500,US,100,L
1439,2021,EX,FT,Security Manager,175000,US,100,L
1440,2022,SE,FT,Threat Intelligence,150000,US,100,L
1441,2022,EN,FT,Security Analyst,72000,US,100,L
1442,2021,SE,FT,Threat Intelligence,125000,US,100,L
1443,2022,SE,FT,Security Manager,190000,US,50,L
1444,2022,EN,FT,Security Analyst,65000,US,100,L
1445,2022,MI,FT,Security Researcher,160000,US,50,S
1446,2022,MI,FT,Security Analyst,90000,US,100,S
1447,2022,SE,FT,Security Engineer,360000,US,100,L
1448,2022,SE,FT,Security Engineer,200000,US,100,L
1450,2022,MI,FT,Security Engineer,120000,US,100,L
1451,2022,EN,FT,Security Analyst,34000,US,100,L
1454,2022,MI,FT,Penetration Tester,165000,US,100,M
1455,2022,SE,FT,Security Engineer,173000,US,50,L
1456,2021,MI,FT,Security Engineer,109000,US,0,L
1457,2022,MI,FT,Threat Intelligence,126000,US,0,M
1458,2022,MI,FT,Security Analyst,230000,US,50,L
1459,2022,SE,FT,Security Specialist,112000,US,100,M
1460,2022,SE,FT,Security Analyst,130000,US,50,L
1461,2022,SE,FT,Security Engineer,130000,US,100,L
1462,2022,EN,FT,Security Analyst,58000,US,100,S
1463,2021,MI,FT,Vulnerability Management,69000,US,100,L
1464,2022,MI,FT,Security Specialist,145000,US,50,L
1465,2022,MI,FT,Chief Information Security Officer,61000,US,0,M
1466,2021,EN,FT,Security Analyst,70000,US,100,L
1467,2021,SE,FT,Security Architect,126000,US,50,L
1469,2021,EX,FT,Security Director,145000,US,100,L
1470,2022,EN,FT,Security Analyst,75000,US,100,L
1471,2022,MI,FT,Security Analyst,74900,US,0,L
1473,2021,SE,FT,Security Analyst,87000,AE,50,L
1474,2021,EN,FT,Security Engineer,65000,US,100,L
1475,2021,MI,FT,Security Researcher,45000,PT,100,L
1476,2022,SE,FT,Security Manager,143000,US,50,L
1477,2022,SE,FT,Vulnerability Management,165000,US,100,L
1480,2021,MI,FT,Security Specialist,130000,US,100,L
1481,2021,SE,FT,Threat Intelligence,125000,US,100,L
1482,2022,SE,FT,Security Manager,112000,US,50,L
1483,2022,SE,FT,Security Engineer,119500,US,100,L
1484,2021,EX,FT,Chief Information Security Officer,220500,US,100,L
1485,2022,EN,FT,Security Analyst,70000,US,100,L
1486,2022,SE,FT,Security Manager,172000,US,100,L
1487,2022,SE,FT,Penetration Tester,118000,US,100,S
1488,2021,SE,FT,Security Engineer,130000,NL,100,L
1491,2021,MI,FT,Security Analyst,73300,US,0,L
1492,2022,MI,FT,Penetration Tester,143000,US,100,L
1494,2021,SE,FT,Penetration Tester,105000,US,100,S
1499,2022,SE,FT,Security Engineer,105000,US,0,S
1501,2022,MI,FT,Security Engineer,130000,US,100,L
1508,2022,EN,CT,Security Analyst,70000,US,100,L
1509,2022,EN,FT,Threat Intelligence,85000,US,100,L
1510,2022,SE,FT,Threat Intelligence,181000,US,100,L
1511,2022,SE,FT,Security Manager,224000,US,100,L
1512,2022,SE,FT,Security Architect,286000,BR,100,L
1514,2022,EX,FT,Security Director,220000,US,100,L
1517,2021,SE,FT,Security Specialist,211000,US,100,L
1518,2022,SE,FT,Security Architect,110000,US,100,L
1519,2022,MI,FT,Threat Intelligence,200000,US,100,L
1520,2021,MI,FT,Security Engineer,170000,US,100,L
1521,2021,SE,FT,Security Manager,135000,US,100,L
1522,2022,EX,FT,Threat Intelligence,189000,US,100,L
1523,2021,EX,FT,Security Director,173000,US,100,M
1524,2022,SE,FT,Security Manager,249000,US,100,L
1525,2022,SE,FT,Security Manager,140000,US,100,L
1526,2022,SE,CT,Security Engineer,135000,US,50,L
1528,2021,MI,FT,Security Specialist,100000,US,50,L
1529,2021,SE,FT,Security Engineer,102000,US,50,L
1530,2022,MI,FT,Security Analyst,60000,US,100,M
1531,2022,SE,FT,Security Manager,183000,US,100,L
1532,2022,SE,FT,Security Architect,190000,US,100,L
1533,2022,MI,FT,Security Engineer,130000,US,100,L
1535,2021,EN,FT,Security Engineer,175000,US,100,L
1537,2022,MI,FT,Security Manager,150000,US,100,M
1540,2021,EN,FT,Security Engineer,74000,US,50,S
1542,2022,SE,FT,Security Engineer,112000,US,100,L
1543,2022,SE,FT,Security Engineer,255000,US,100,L
1544,2022,SE,FT,Security Engineer,170000,US,100,L
1545,2022,SE,FT,Penetration Tester,173000,US,0,L
1546,2021,MI,FT,Security Engineer,130000,US,100,L
1547,2022,SE,FT,Security Engineer,150000,US,100,L
1548,2022,EX,FT,Security Director,200000,US,100,L
1549,2022,MI,FT,Security Engineer,130000,CA,100,L
1550,2021,MI,FT,Security Analyst,76000,US,100,L
1551,2022,MI,FT,Threat Intelligence,88000,US,100,L
1552,2021,EN,FT,Security Analyst,50000,US,100,S
1553,2021,SE,FT,Security Analyst,80000,US,100,S
1554,2022,MI,FT,Security Analyst,131800,US,0,L
1555,2022,MI,FT,Security Analyst,99900,US,0,L
1556,2021,MI,FT,Security Engineer,110000,US,100,M
1557,2022,MI,FT,Security Manager,160000,US,50,L
1558,2021,MI,FT,Security Manager,128000,US,100,L
1559,2022,MI,FT,Security Manager,130000,US,0,L
1560,2021,MI,FT,Threat Intelligence,125000,US,100,L
1561,2022,SE,FT,Security Manager,310000,US,100,L
1562,2022,EN,FT,Security Analyst,55000,US,0,L
1563,2021,SE,FT,Security Manager,138000,US,100,L
1568,2021,EN,FT,Security Analyst,60000,US,50,L
1569,2021,SE,FT,Security Engineer,99960,US,0,L
1571,2021,EN,PT,Security Analyst,30000,US,100,L
1572,2022,MI,FT,Security Engineer,110000,US,50,L
1573,2021,MI,FT,Security Specialist,68900,US,100,L
1574,2021,MI,FT,Security Manager,116000,US,0,S
1579,2022,EN,FT,Security Analyst,52000,US,50,S
1580,2021,MI,FT,Security Analyst,115500,US,100,L
1583,2021,SE,FT,Security Engineer,104000,US,100,L
1585,2022,EN,FT,Security Engineer,70000,IN,0,L
1587,2022,MI,FT,Security Analyst,131500,US,0,L
1588,2022,MI,FT,Security Analyst,99950,US,0,L
1589,2021,EN,FT,Security Analyst,76200,US,50,L
1590,2021,MI,FT,Incident Response,100000,US,100,M
1591,2022,MI,FT,Chief Information Security Officer,100000,US,50,L
1592,2021,SE,FT,Security Engineer,145000,US,50,L
1593,2021,MI,FT,Security Analyst,120000,US,100,L
1594,2021,MI,FT,Penetration Tester,100000,US,100,M
1595,2021,MI,FT,Security Engineer,320000,US,50,L
1596,2021,EN,FT,Security Analyst,75000,US,100,S
1597,2021,SE,FT,Security Engineer,150000,US,100,L
1599,2021,SE,FT,Security Manager,120000,US,100,L
1600,2020,MI,FT,Threat Intelligence,115000,US,100,L
1601,2021,MI,FT,Security Analyst,91700,US,0,L
1602,2021,MI,FT,Security Analyst,82600,US,0,L
1603,2021,SE,FT,Security Manager,146000,US,100,L
1604,2021,MI,FT,Security Analyst,135000,US,50,L
1605,2021,SE,FT,Security Manager,185000,US,50,L
1606,2021,EX,FT,Security Director,220000,US,50,L
1607,2021,EN,FT,Security Analyst,68500,US,50,M
1608,2020,SE,FT,Security Manager,150000,CA,100,L
1609,2021,MI,FT,Penetration Tester,115000,US,100,M
1610,2021,MI,FT,Security Engineer,97350,US,100,L
1611,2020,SE,FT,Security Analyst,94000,US,50,L
1612,2021,EN,FT,Security Engineer,93000,US,100,L
1613,2021,SE,FT,Security Analyst,130000,US,100,L
1614,2020,SE,FT,Security Engineer,65000,ES,50,L
1617,2021,EN,FT,Security Analyst,79000,US,100,L
1618,2021,SE,FT,Security Specialist,130000,US,100,M
1619,2020,SE,FT,Security Specialist,129998,US,100,M
1620,2021,EN,FT,Security Analyst,75000,US,100,M
1621,2021,SE,FT,Threat Intelligence,155000,US,100,S
1623,2021,MI,FT,Threat Intelligence,75000,US,100,L
1625,2021,SE,FT,Security Manager,200000,US,0,M
1626,2021,MI,FT,Security Analyst,93600,US,100,L
1627,2021,MI,FT,Chief Information Security Officer,96500,US,0,L
1629,2021,SE,FT,Security Architect,205000,US,100,L
1630,2020,EN,FT,Security Engineer,122000,US,0,L
1631,2020,EN,FT,Security Analyst,96000,US,50,L
1632,2021,EN,FT,Security Analyst,72000,US,100,L
1633,2021,EN,FT,Security Analyst,50000,US,100,L
1634,2021,EN,FT,Security Analyst,50000,US,0,L
1640,2021,SE,FT,Security Architect,140000,US,100,L
1641,2021,MI,FT,Security Analyst,85000,US,100,S
1642,2021,SE,FT,Security Specialist,92000,US,100,L
1643,2020,MI,FT,DevSecOps,103000,US,50,L
1646,2021,EN,FT,Security Analyst,65000,US,100,L
1647,2020,SE,FT,Security Manager,180000,US,50,L
1650,2021,SE,FT,Security Engineer,216000,US,100,L
1651,2020,MI,FT,Security Analyst,90000,US,100,M
1653,2021,EN,FT,Penetration Tester,70000,US,50,S
1654,2021,SE,FT,Security Engineer,150000,US,100,M
1655,2021,SE,FT,Security Engineer,130000,US,100,M
1656,2021,SE,FT,Security Engineer,175000,US,100,L
1657,2021,MI,FT,Security Engineer,220000,US,50,M
1658,2021,EN,FT,Chief Information Security Officer,106000,US,0,L
1659,2021,SE,FT,Incident Response,120000,US,100,L
1660,2021,EN,FT,Security Analyst,75000,US,100,L
1662,2021,MI,FT,Security Analyst,96000,US,50,L
1663,2021,EN,FT,Security Analyst,75000,US,50,L
1667,2021,EN,FT,Security Analyst,65000,US,100,L
1668,2020,EN,FT,Security Engineer,80000,US,50,L
1669,2020,MI,FT,Security Analyst,91520,US,0,L
1671,2021,SE,FT,Security Manager,135600,US,0,L
1673,2021,MI,FT,Security Analyst,53000,US,0,L
1674,2021,MI,FT,Security Engineer,72000,US,50,M
1675,2021,MI,FT,Security Engineer,169000,US,50,L
1677,2020,MI,FT,Security Architect,99000,US,0,L
1678,2021,MI,FT,Penetration Tester,100000,US,100,L
1679,2021,MI,FT,Security Manager,130000,US,0,M
1680,2021,MI,FT,Security Analyst,97000,US,100,L
1683,2021,MI,FT,Security Engineer,90000,US,50,L
1684,2021,EN,FT,Security Engineer,85000,US,100,L
1685,2021,MI,FT,Security Engineer,90000,US,50,L
1686,2020,EN,FT,Security Researcher,85000,US,0,L
1689,2020,MI,FT,Security Manager,123000,US,0,L
1691,2021,SE,FT,Security Engineer,170000,US,100,L
1692,2021,EN,FT,Threat Intelligence,77000,US,100,L
1694,2021,EX,FT,Chief Information Security Officer,375000,US,100,L
1696,2020,MI,FT,Security Engineer,135000,US,100,M
1697,2020,SE,FT,Security Engineer,148000,US,50,M
1698,2020,SE,FT,Security Engineer,180000,US,100,L
1699,2021,MI,FT,Security Analyst,90000,US,100,L
1700,2021,EN,FT,Security Analyst,63700,US,100,L
1702,2020,EX,FT,Security Manager,117810,US,0,S
1703,2020,MI,FT,Security Engineer,200000,US,100,L
1706,2020,SE,FT,Security Analyst,134000,US,100,L
1708,2020,MI,FT,Security Analyst,140000,US,0,L
1709,2020,MI,FT,Security Engineer,175000,US,50,L
1710,2021,SE,FT,Security Analyst,85000,US,50,L
1711,2020,MI,FT,Security Engineer,180000,US,50,M
1712,2021,SE,FT,Security Engineer,320000,US,100,L
1713,2021,MI,FT,Security Analyst,75000,US,100,M
1714,2021,MI,FT,Penetration Tester,127000,US,100,L
1715,2021,EN,FT,Security Specialist,45100,US,50,L
1716,2021,SE,FT,Chief Information Security Officer,124000,US,50,L
1717,2021,MI,FT,Security Manager,90000,US,0,M
1718,2021,EX,FT,Security Engineer,240000,US,50,L
1719,2021,EX,FT,Security Engineer,240000,US,50,L
1720,2020,MI,FT,Security Engineer,80000,US,100,M
1723,2020,MI,FT,Security Analyst,87500,US,100,L
1724,2020,MI,FT,Security Analyst,110000,US,0,L
1725,2021,EN,FT,Penetration Tester,98000,US,50,L
1726,2020,MI,FT,Security Architect,102000,US,50,L
1727,2020,MI,FT,Threat Intelligence,72000,US,100,L
1729,2021,MI,FT,Security Engineer,124000,US,0,M
1730,2021,EN,FT,Penetration Tester,119000,US,100,L
1731,2020,SE,FT,Security Engineer,175000,US,100,L
1732,2021,SE,FT,Security Manager,180000,US,100,L
1735,2021,SE,FT,Security Manager,123000,US,100,L
1736,2020,EN,FT,Security Analyst,80000,US,50,L
1737,2021,MI,FT,Security Engineer,120000,US,50,L
1738,2021,MI,FT,Security Analyst,150000,US,50,M
1740,2021,SE,FT,Security Manager,135000,US,0,L
1741,2021,MI,FT,Security Engineer,130000,US,50,L
1742,2021,MI,FT,Security Manager,100000,US,50,M
1743,2021,EN,FT,Threat Intelligence,20000,GR,100,L
1745,2021,EN,FT,Security Analyst,70000,US,100,L
1746,2021,SE,FT,Security Engineer,130000,US,100,L
1747,2021,EN,FT,Security Analyst,73000,US,0,S
1750,2021,MI,FT,Security Analyst,92000,US,100,L
1751,2021,MI,FT,Security Analyst,145000,US,50,L
1752,2020,SE,FT,Security Engineer,135000,US,50,L
1754,2021,SE,FT,Security Analyst,150000,US,0,L
1756,2020,EN,FT,Security Engineer,75000,US,100,L
1757,2021,SE,FT,Security Analyst,48000,GB,100,L
1759,2020,SE,FT,Security Manager,150000,US,50,L
1760,2021,MI,FT,Security Analyst,90000,US,0,M
1762,2021,SE,FT,Security Architect,102500,US,0,L
1763,2021,EX,FT,Chief Information Security Officer,130000,US,100,L
1764,2021,MI,FT,Security Analyst,85000,US,100,L
1765,2021,MI,FT,Penetration Tester,120000,US,100,M
1766,2021,SE,FT,Security Architect,141000,US,50,L
1767,2020,EN,FT,Security Analyst,66000,US,50,L
1768,2021,EN,FT,Security Analyst,60008,US,50,L
1769,2020,SE,FT,Security Engineer,272000,US,100,L
1770,2020,EN,FT,Security Analyst,80000,US,100,M
1772,2021,EN,FT,Security Analyst,31000,US,0,L
1774,2021,EN,FT,Security Analyst,100300,US,100,L
1775,2021,SE,FT,Security Engineer,150000,US,100,L
1776,2021,MI,FT,Security Engineer,119000,US,100,L
1777,2020,MI,FT,Security Engineer,192000,US,100,L
1778,2020,SE,FT,Security Manager,102000,US,0,L
1779,2021,SE,FT,Chief Information Security Officer,240000,US,100,S
1780,2021,EN,FT,Security Analyst,63000,US,0,L
1781,2021,MI,FT,Security Engineer,98000,US,100,L
1783,2021,SE,FT,Security Manager,100000,US,100,L
1784,2021,MI,FT,Security Engineer,80000,US,100,M
1785,2020,MI,FT,Security Specialist,72000,US,100,L
1786,2021,EN,FT,Security Engineer,75000,US,100,L
1787,2020,MI,FT,Security Engineer,80000,US,50,L
1788,2021,MI,FT,Security Analyst,67000,US,0,L
1789,2020,SE,FT,Security Engineer,130000,US,100,L
1791,2021,MI,FT,Security Analyst,120000,US,100,L
1792,2021,MI,FT,Security Engineer,76500,US,100,L
1793,2021,SE,FT,Security Analyst,160000,US,0,M
1794,2021,EX,FT,Security Director,200000,US,100,L
1795,2021,EX,FT,Chief Information Security Officer,142000,US,50,L
1796,2020,EX,FT,Security Engineer,180000,US,100,L
1797,2020,MI,FT,Security Analyst,120000,US,100,L
1800,2021,SE,FT,Security Manager,150000,US,100,M
1801,2021,MI,FT,Security Specialist,100000,US,0,L
1804,2021,EX,FT,Security Director,187000,US,100,L
1806,2021,EX,FT,Chief Information Security Officer,104000,US,100,L
1808,2020,EN,FT,Security Engineer,65000,US,50,L
1809,2020,MI,FT,Security Engineer,128000,US,0,L
1810,2021,MI,FT,Security Engineer,120000,US,100,L
1811,2020,MI,FT,Security Manager,105000,US,100,L
1812,2021,MI,FT,Security Analyst,120000,US,100,L
1813,2021,MI,FT,Incident Response,145000,US,100,L
1815,2021,EN,FT,Penetration Tester,78000,US,100,L
1816,2021,SE,FT,Security Engineer,125000,US,100,L
1817,2021,SE,FT,Security Manager,130000,US,0,L
1818,2020,SE,FT,Security Engineer,130000,US,100,L
1819,2020,SE,FT,Security Manager,141000,US,100,L
1820,2021,SE,FT,Security Engineer,120000,US,100,L
1821,2021,MI,FT,Security Analyst,90000,US,100,L
1822,2021,EX,FT,Security Manager,172500,US,100,M
1823,2020,SE,FT,Security Engineer,90000,US,50,L
1824,2020,MI,FT,Security Analyst,93000,US,50,L
1826,2021,EN,FT,Security Analyst,62000,US,50,L
1827,2020,SE,FT,Security Engineer,240000,CA,100,L
1828,2021,SE,FT,Penetration Tester,195000,US,100,L
1839,2020,SE,FT,Security Analyst,98000,US,100,L
1840,2020,EN,FT,Security Engineer,85000,US,100,L
1842,2020,MI,FT,Security Manager,120000,US,50,L
1843,2021,SE,FT,Security Manager,120000,US,50,M
1844,2021,EN,FT,Security Analyst,70000,US,0,L
1845,2020,MI,FT,Security Analyst,75000,US,100,L
1846,2021,EN,FT,Security Engineer,101350,US,50,L
1847,2020,EN,FT,Security Analyst,60000,US,50,L
1848,2021,EN,FT,Security Engineer,85000,US,0,L
1850,2021,MI,FT,Security Specialist,76000,US,0,L
1852,2021,SE,FT,Security Analyst,105000,US,100,M
1853,2021,MI,PT,Security Researcher,100000,US,50,M
1854,2021,MI,FT,Security Engineer,65000,US,100,L
1856,2021,MI,FT,Chief Information Security Officer,122000,US,0,L
1857,2021,MI,FT,Security Analyst,80000,US,50,L
1859,2021,MI,FT,Security Analyst,131870,US,0,L
1860,2021,MI,FT,Security Analyst,99900,US,0,L
1863,2021,MI,FT,Security Analyst,79000,US,100,L
1869,2021,SE,FT,Security Manager,126000,US,50,L
1870,2021,EN,FT,Security Engineer,50000,US,50,S
1871,2020,MI,FT,Security Engineer,75000,US,50,S
1872,2021,MI,FT,Security Analyst,103000,US,0,L
1873,2021,SE,FT,Security Engineer,138000,US,0,L
1875,2020,SE,FT,Security Architect,123000,US,100,L
1876,2020,MI,FT,Penetration Tester,80000,US,100,L
1877,2021,MI,FT,Security Engineer,115000,US,100,L
1880,2021,MI,FT,Incident Response,100000,US,100,L
1881,2021,SE,FT,Security Researcher,275000,US,100,L
1883,2021,EN,FT,Security Analyst,80000,US,50,L
1884,2021,MI,FT,Security Engineer,210000,US,100,L
1885,2021,EN,FT,Incident Response,66000,US,100,L
1886,2021,MI,FT,Security Analyst,95000,US,0,L
1887,2021,SE,FT,Security Engineer,160000,US,0,L
1891,2020,SE,FT,Security Engineer,106000,US,0,L
1892,2020,EX,FT,Chief Information Security Officer,202000,US,0,L
1895,2020,EN,FT,Threat Intelligence,71000,US,0,L
1898,2021,MI,FT,Security Manager,114000,US,50,L
1899,2021,EN,FT,Security Analyst,81000,US,50,L
1900,2021,EX,FT,Chief Information Security Officer,148000,US,100,M
1901,2021,MI,FT,Threat Intelligence,79509,US,50,L
1903,2021,MI,FT,Security Analyst,20000,IN,100,L
1904,2021,EN,FT,Security Analyst,77000,US,100,L
1906,2020,SE,FT,Security Engineer,142000,US,100,L
1907,2021,SE,FT,Security Manager,174000,US,50,L
1908,2021,MI,FT,Threat Intelligence,100000,US,0,L
1909,2020,MI,FT,Security Engineer,130000,US,50,L
1910,2021,SE,FT,Threat Intelligence,134000,US,100,L
1912,2020,SE,FT,Security Architect,170000,US,100,L
1913,2021,MI,FT,Security Engineer,120000,US,100,L
1916,2021,MI,FT,Security Analyst,90000,US,50,L
1918,2021,MI,FT,Penetration Tester,150000,US,100,L
1919,2020,MI,FT,Security Specialist,80000,US,100,L
1920,2021,SE,FT,Security Analyst,145000,AU,100,L
1921,2021,EN,FT,Security Analyst,65000,DE,100,L
1923,2021,MI,FT,Security Engineer,85000,US,0,L
1924,2021,SE,FT,Security Engineer,135000,US,0,L
1928,2021,SE,CT,Security Architect,72000,US,100,M
1929,2021,SE,FT,Security Architect,127000,US,100,L
1930,2021,SE,FT,Incident Response,140000,US,50,L
1931,2020,SE,FT,Incident Response,125000,US,100,L
1932,2020,SE,PT,Security Researcher,55000,US,100,L
1933,2021,SE,FT,Security Manager,90000,US,0,S
1934,2021,SE,FT,Penetration Tester,150000,US,100,L
1937,2021,MI,FT,Security Analyst,82700,US,100,L
1939,2021,MI,FT,Security Analyst,106000,US,100,L
1940,2020,SE,FT,Security Engineer,120000,US,100,M
1942,2021,SE,FT,Security Architect,200000,US,100,L
1943,2020,SE,FT,Security Engineer,170000,US,50,L
1944,2021,SE,FT,Security Engineer,107000,US,0,L
1945,2020,SE,FT,Chief Information Security Officer,159000,US,50,L
1946,2020,MI,FT,Security Specialist,73000,US,0,L
1947,2020,SE,FT,Security Specialist,146000,US,100,L
1950,2021,EN,FT,Incident Response,77600,US,100,L
1951,2021,EN,FL,Security Researcher,75000,US,0,S
1952,2020,SE,FT,Security Engineer,180000,US,100,S
1954,2021,EN,FT,Security Analyst,63000,US,50,L
1956,2021,MI,FT,Penetration Tester,100000,US,100,M
1960,2020,SE,FT,Security Engineer,108000,US,100,L
1961,2020,MI,FT,Vulnerability Management,130000,US,50,L
1965,2020,SE,FT,Security Specialist,170000,US,100,L
1967,2021,SE,FT,Security Engineer,132000,US,100,L
1971,2020,MI,FT,Security Engineer,150000,US,0,L
1974,2020,SE,FT,Security Researcher,250000,DE,100,L
1981,2021,SE,FT,Security Engineer,450000,US,100,L
1982,2020,EN,FT,Security Analyst,60000,US,100,L
1983,2021,MI,FT,Security Analyst,110000,US,100,L
1985,2021,EN,FT,Security Analyst,80000,US,50,L
1986,2020,SE,FT,Threat Intelligence,140000,US,100,L
1987,2021,MI,FT,Security Analyst,30000,US,0,M
1988,2020,MI,FT,Security Analyst,115000,US,100,M
1990,2021,MI,FT,Security Engineer,140000,US,100,M
1992,2021,SE,FT,Threat Intelligence,200000,US,100,M
1994,2021,SE,FT,Security Analyst,140000,US,100,L
1995,2021,SE,FT,Security Architect,140000,US,100,L
2011,2020,EN,FT,Security Analyst,60000,US,100,L
2013,2021,SE,FT,Security Engineer,140000,US,0,L
2022,2020,MI,FT,Security Analyst,100000,US,0,L
2024,2020,MI,FT,Security Engineer,8223,IN,100,L
2033,2020,SE,FT,Security Engineer,300000,US,50,L
2035,2021,EN,FT,Security Analyst,80100,US,100,L
2036,2021,SE,FT,Security Researcher,175000,US,0,S
2037,2021,SE,FT,Security Engineer,82000,US,100,L
2038,2020,SE,FT,Security Engineer,132000,US,100,L
2039,2020,SE,FT,Security Engineer,105000,US,50,L
2040,2021,SE,FT,Security Engineer,106000,US,100,L
2042,2021,SE,FT,Security Analyst,115000,US,50,L
2043,2021,SE,FT,Penetration Tester,143000,US,100,L
2044,2021,EX,FT,Chief Information Security Officer,289000,US,100,L
2046,2021,MI,FT,Penetration Tester,115000,US,100,L
2047,2020,SE,FT,Security Manager,252000,US,100,M
2049,2020,SE,FT,Incident Response,135000,US,50,L
2050,2021,SE,FT,Penetration Tester,190000,US,100,M
2051,2021,EN,FT,Security Analyst,48000,US,100,L
2052,2021,MI,FT,Security Manager,140000,US,50,L
2056,2020,SE,FT,Security Architect,203000,US,50,L
2058,2021,MI,FT,Security Engineer,140400,US,50,L
2059,2021,MI,FT,Penetration Tester,110000,US,100,L
2060,2021,SE,FT,Security Engineer,172000,US,100,L
2061,2021,EN,FT,Security Engineer,88500,US,50,L
2062,2020,EN,FT,Security Engineer,76960,US,50,L
2063,2020,SE,FT,Security Engineer,145000,US,100,L
2064,2020,MI,FT,Security Specialist,109000,US,0,L
2068,2020,SE,FT,Security Engineer,300000,AU,100,L
2069,2020,SE,FT,Security Manager,140000,US,0,L
2070,2020,EX,FT,Security Manager,169781,US,100,L
2071,2021,SE,FT,Threat Intelligence,110000,US,100,L
2072,2021,MI,FT,Security Engineer,85000,US,100,L
2073,2020,SE,FT,Threat Intelligence,108000,US,100,L
2075,2021,EN,FT,Security Researcher,125000,US,50,L
2076,2021,SE,FT,Penetration Tester,133000,US,100,L
2077,2020,MI,FT,Security Engineer,126000,US,50,L
2079,2020,SE,FT,Incident Response,260000,US,100,L
2081,2021,MI,FT,Threat Intelligence,105000,US,0,S
2082,2021,SE,FT,Security Engineer,133900,US,100,L
2083,2021,MI,FT,Security Analyst,75000,US,0,L
2085,2021,MI,FT,Security Engineer,89000,US,0,M
2086,2021,EX,FT,Chief Information Security Officer,400000,US,100,L
2087,2021,SE,FT,Security Architect,205000,US,100,L
2088,2020,SE,FT,Security Architect,198000,US,100,L
2091,2020,EX,FT,Security Architect,190000,FR,100,L
2093,2021,MI,FT,Chief Information Security Officer,86000,US,0,L
2094,2020,EN,FT,Security Analyst,65000,US,100,S
2095,2020,SE,FT,Security Engineer,149000,US,50,L
2096,2020,SE,FT,Security Engineer,140000,US,50,L
2097,2021,MI,FT,Threat Intelligence,116000,US,50,L
2099,2020,MI,FT,Security Analyst,115000,US,100,L
2100,2021,MI,FT,Security Engineer,128000,US,100,L
2103,2020,MI,FT,Chief Information Security Officer,122750,US,100,M
2104,2020,MI,FT,Security Engineer,144000,US,0,M
2107,2020,MI,FT,Security Engineer,110000,US,50,L
2109,2021,EN,FT,Security Engineer,65000,US,100,L
2110,2020,SE,FT,Security Specialist,170000,US,100,L
2111,2021,SE,FT,Security Engineer,135000,US,100,L
2112,2021,EN,FT,Security Analyst,100000,US,50,M
2116,2021,SE,FT,Penetration Tester,126000,US,100,L
2118,2021,MI,FT,Threat Intelligence,66310,US,0,L
